2.3651315938615385E8,1.2016274103076924E7,1.3425147535907693E9,6.854298068353846E8,1.0945403432292309E9,1474466.5092307692,1.2006354569230769E7,0.0,45.52923076923077,4927474.270769231,8.364655667784616E8,41.34461538461539
2.3629331029032257E8,1.1998610966205837E7,1.3407911433794162E9,6.847995655499232E8,1.0935752350215054E9,1472374.0322580645,1.1989135228878649E7,0.0,45.45929339477727,4921902.42703533,8.356984225284178E8,41.28110599078341
2.36149864946319E8,1.1980622345092025E7,1.3392348410153375E9,6.843411858619632E8,1.0927304617162576E9,1470132.4923312883,1.1971006791411042E7,0.0,45.41717791411043,4916365.447852761,8.349015837944785E8,41.217791411042946
2.358554880015314E8,1.1963660950995406E7,1.3374541979540582E9,6.835596824548239E8,1.091597406727412E9,1468095.0520673813,1.1954039724349158E7,0.0,45.93721286370597,4911437.901990811,8.341331848116386E8,41.16385911179173
2.3563216976605505E8,1.1945800839449542E7,1.3359102882568808E9,6.828741518899083E8,1.0904222104051988E9,1465916.5489296636,1.1936131617737003E7,0.0,45.86850152905199,4906656.467889909,8.334100662599388E8,41.10091743119266
2.353654939648855E8,1.192797430076336E7,1.3342565635755725E9,6.821408990824428E8,1.0892966414091604E9,1463771.1282442748,1.1918193880916031E7,0.0,45.8,4901978.357251909,8.326237364183207E8,41.038167938931295
2.3515787796189025E8,1.191019444359756E7,1.3325743729603658E9,6.814159564420732E8,1.088102494617378E9,1461639.6021341463,1.1900528445121951E7,0.0,45.730182926829265,4898222.198170732,8.319542200182927E8,40.97560975609756
2.34926321934551E8,1.1892991124809742E7,1.3310436418386605E9,6.808140155068493E8,1.0870876503424656E9,1459539.2739726028,1.1882915098934552E7,0.0,45.759512937595126,4893562.916286149,8.31115278587519E8,40.91324200913242
2.3466989717477202E8,1.187564744224924E7,1.3293590903768997E9,6.801023313313069E8,1.0860119656337385E9,1457459.1960486323,1.186529341337386E7,0.0,45.724924012158056,4888926.100303952,8.303696509848025E8,40.851063829787236
2.3448077980121395E8,1.1858123883156298E7,1.3277142912989378E9,6.794249379817905E8,1.0848579315614567E9,1455364.808801214,1.1847836215477997E7,0.0,45.655538694992416,4884879.24430956,8.296167530682852E8,40.78907435508346
2.3424347590454546E8,1.1840794371212121E7,1.326111847430303E9,6.787844011378788E8,1.0839053214984848E9,1453289.9287878787,1.1830450433333334E7,0.0,45.587878787878786,4880890.718181818,8.288123083909091E8,40.72727272727273
2.3397955092435703E8,1.1823400509833585E7,1.3244274654220877E9,6.78067517248109E8,1.082866833559758E9,1451212.7942511346,1.1813238744326778E7,0.0,45.52042360060514,4877042.544629349,8.280964373071104E8,40.665658093797276
2.3378143019486403E8,1.1806092672205439E7,1.3228629259697886E9,6.774469030090635E8,1.081754487173716E9,1449139.7900302114,1.1795902335347433E7,0.0,45.483383685800604,4872162.858006042,8.272412652870091E8,40.60422960725076
2.335511022337858E8,1.1788914092006033E7,1.3212338725822022E9,6.767833588567119E8,1.080687708764706E9,1447105.8446455505,1.1778602422322776E7,0.0,45.41478129713424,4867724.443438914,8.263777336289593E8,40.542986425339365
2.3332923525753012E8,1.177161067620482E7,1.319577911990964E9,6.760761942439759E8,1.0795524089171686E9,1445038.40813253,1.17615535E7,0.0,45.346385542168676,4864623.593373494,8.256277884789157E8,40.48192771084337
2.3314133886165413E8,1.1754722446616542E7,1.318024002156391E9,6.754742468947369E8,1.0784726029308271E9,1443003.4390977444,1.1744282757894738E7,0.0,45.278195488721806,4859688.072180451,8.248507714075187E8,40.421052631578945
2.3290308404354355E8,1.1737608088588588E7,1.3164114083873873E9,6.74800193557057E8,1.0774013752387388E9,1440923.587087087,1.1727224033033034E7,0.0,45.210210210210214,4855442.591591592,8.239945646696696E8,40.36036036036036
2.32651871029985E8,1.172038992053973E7,1.3146305804647677E9,6.739924474707646E8,1.0761716618515742E9,1438812.7421289356,1.171008051874063E7,0.0,45.142428785607194,4850754.140929535,8.231229330734633E8,40.29985007496252
2.3242153761227545E8,1.1703491273952097E7,1.3130547096586826E9,6.733486080389222E8,1.0751242555494013E9,1436823.630239521,1.1693001634730538E7,0.0,45.0748502994012,4846478.808383234,8.222649141616766E8,40.23952095808383
2.322139647967115E8,1.1686574189835576E7,1.3114562167982063E9,6.727307562630792E8,1.0742191329970105E9,1434861.149476831,1.1676347877429E7,0.0,45.00747384155456,4843504.768310912,8.216385287503737E8,40.17937219730942
2.3201200827014926E8,1.166968355074627E7,1.3098189570238805E9,6.720547416358209E8,1.0730867370820895E9,1432845.3985074626,1.1659386546268657E7,0.0,44.940298507462686,4837731.268656717,8.208898486149254E8,40.11940298507463
2.317934752980626E8,1.1653293056631893E7,1.3082986093472428E9,6.714799797272727E8,1.0721298891728764E9,1430933.9359165425,1.1642908459016394E7,0.0,44.87332339791356,4833186.3219076,8.20048961123696E8,40.05961251862891
2.3156199164732143E8,1.1636588944940476E7,1.3066553722619047E9,6.7082192540625E8,1.0711715797901785E9,1429026.4479166667,1.162669193452381E7,0.0,44.80654761904762,4828854.37797619,8.193423785238096E8,40.0
2.3136716458692423E8,1.1620388797919761E7,1.3051084787369986E9,6.702036894427935E8,1.0701449915289748E9,1427090.6968796435,1.1610246784546806E7,0.0,44.74145616641902,4824600.7756315,8.185788385943537E8,39.940564635958395
2.3113611743768546E8,1.1604239805637982E7,1.3035506394183977E9,6.696054108353115E8,1.0692766276335312E9,1425266.9540059348,1.1594315818991099E7,0.0,44.675074183976264,4820371.195845697,8.178015377922848E8,39.881305637982194
2.3094731642518517E8,1.1588110223703703E7,1.3019308533688889E9,6.689052251525925E8,1.0681144598088889E9,1423342.5792592592,1.1578190222222222E7,0.0,44.60888888888889,4816504.151111111,8.171212636177778E8,39.82222222222222
2.3072433850739646E8,1.15720097204142E7,1.3004416003254437E9,6.683221699556212E8,1.067141791510355E9,1421472.045857988,1.1561904565088758E7,0.0,44.54289940828402,4812052.103550296,8.162671119349113E8,39.76331360946745
2.3047166764697194E8,1.1555825215657312E7,1.29883272267356E9,6.67670269745938E8,1.0661547212481536E9,1419595.1388478582,1.1546073252584934E7,0.0,44.477104874446084,4807711.228951256,8.154909639113737E8,39.70457902511078
2.3028974785103244E8,1.1539977258112095E7,1.2972557135663717E9,6.669938726814159E8,1.0649656544646018E9,1417621.0103244837,1.15297031179941E7,0.0,44.41150442477876,4803437.672566372,8.147417388141593E8,39.64601769911504
2.3006677291752577E8,1.1524064879234169E7,1.2957655596053019E9,6.664349114447718E8,1.0640905155596465E9,1415776.9234167894,1.1513796927835051E7,0.0,44.34609720176731,4798918.963181148,8.139055965596465E8,39.58762886597938
2.298564143985294E8,1.1508125360294119E7,1.2941739781294117E9,6.657457800794117E8,1.0630125701720588E9,1413894.9132352942,1.14979691E7,0.0,44.28088235294118,4795266.85,8.132097372411765E8,39.529411764705884
2.296590939632893E8,1.1492311334801761E7,1.2926722490161526E9,6.651377807547724E8,1.0619747290792952E9,1412001.5668135094,1.1481936064610867E7,0.0,44.215859030837,4791008.167400881,8.124246082848752E8,39.47136563876652
2.2943764184017596E8,1.1476459036656892E7,1.2911694744281526E9,6.645648603607038E8,1.06112037378739E9,1410161.6847507332,1.1466126105571847E7,0.0,44.151026392961874,4786696.7771261,8.116209339325513E8,39.41348973607038
2.2922372451976573E8,1.1460550326500732E7,1.2895778035724745E9,6.638786719238653E8,1.0600077218228405E9,1408268.4875549048,1.1450275338213762E7,0.0,44.08638360175696,4782801.478770132,8.10886560363104E8,39.35578330893119
2.290156641388889E8,1.1445013343567252E7,1.2879815279649122E9,6.631774085131578E8,1.0588950244371345E9,1406377.2733918128,1.1434424511695907E7,0.0,44.021929824561404,4778427.885964912,8.101359984327486E8,39.29824561403509
2.2878815906131387E8,1.1429406927007299E7,1.2864824668087592E9,6.625684775664234E8,1.0579060382E9,1404506.7664233577,1.1418700437956205E7,0.0,43.957664233576644,4774029.699270073,8.093227690978103E8,39.24087591240876
2.285678301413994E8,1.1413780972303206E7,1.284915290580175E9,6.618991295612245E8,1.0568271468527697E9,1402617.8236151603,1.1402994530612245E7,0.0,43.893586005830905,4769810.7580174925,8.085299988134111E8,39.183673469387756
2.2837909798107713E8,1.1398187197962154E7,1.2833612794818048E9,6.612289242066958E8,1.0557023025225619E9,1400679.7016011644,1.1387205868995633E7,0.0,43.8296943231441,4765715.915574963,8.077967158311499E8,39.12663755458515
2.2815283004215115E8,1.1382549135174418E7,1.281774065872093E9,6.738687845610465E8,1.0546779387107558E9,1398797.0857558139,1.1371858055232558E7,0.0,43.76598837209303,4762108.51744186,7.985008521584302E8,39.06976744186046
2.279115427619739E8,1.1366906805515239E7,1.280190476060958E9,6.734703757329463E8,1.0536242585036285E9,1396860.5210449928,1.1356214307692308E7,0.0,43.70246734397678,4757959.785195936,7.975261387445574E8,39.01306240928882
2.277002283869565E8,1.1351384798550725E7,1.2786201466289854E9,6.730692094869565E8,1.0525512408188406E9,1394909.0826086956,1.1340690568115942E7,0.0,43.63913043478261,4753923.243478261,7.965765521463768E8,38.95652173913044
2.2748242190593344E8,1.1335904221418234E7,1.2770813295021708E9,6.726257345817655E8,1.0514175169073806E9,1392954.6816208393,1.1324991047756875E7,0.0,43.575976845151956,4749726.451519537,7.956029942431259E8,38.90014471780029
2.2726821747254336E8,1.1320406388728324E7,1.275553949884393E9,6.578781991560694E8,1.0503769859783237E9,1390995.4985549133,1.1309200462427747E7,0.0,43.51300578034682,4744935.14450867,8.038667013554913E8,38.84393063583815
2.270223403015873E8,1.1304715106782107E7,1.2739769530620492E9,6.571629734487735E8,1.0492116685440116E9,1389024.1370851372,1.129349896103896E7,0.0,43.45021645021645,4740497.229437229,8.030232214430014E8,38.78787878787879
2.2680257419740635E8,1.1289186678674351E7,1.2724602771412103E9,6.714940991181556E8,1.048331018963977E9,1387293.1685878963,1.1278518610951008E7,0.0,43.387608069164266,4737437.311239193,7.927286796181556E8,38.731988472622476
2.2662991463741007E8,1.127421998705036E7,1.2710129031568346E9,6.71246387315108E8,1.0473077927582734E9,1385488.1223021583,1.1263167410071943E7,0.0,43.325179856115106,4733446.325179856,7.918011865956835E8,38.67625899280576
2.2642236949568966E8,1.1259082808908045E7,1.2695882946005747E9,6.554273524899426E8,1.0464750072112069E9,1383757.3663793104,1.1248042764367817E7,0.0,43.26293103448276,4729477.764367816,7.908676411364943E8,38.62068965517241
2.262048488593974E8,1.124353513199426E7,1.2680822560229554E9,6.707403755896701E8,1.0454313418895265E9,1381883.9641319942,1.12324597446198E7,0.0,43.200860832137735,4724827.647058823,7.899391518149211E8,38.56527977044476
2.259949701704871E8,1.1228986396848138E7,1.2666628516704872E9,6.542373636404011E8,1.04449409345702E9,1380104.7750716333,1.1217354143266475E7,0.0,43.13896848137536,4720173.163323782,7.993650469312321E8,38.51002865329513
2.257918312460658E8,1.1214181509298999E7,1.265140897613734E9,6.701632313733906E8,1.0435130057267525E9,1378434.1444921317,1.120313618025751E7,0.0,43.07725321888412,4716682.317596567,7.881046096709585E8,38.4549356223176
2.255954008157143E8,1.1199725047142858E7,1.2637190766057143E9,6.699077629371428E8,1.04250038735E9,1376672.0128571428,1.1188051351428572E7,0.0,43.01571428571429,4711746.12,7.871361824785714E8,38.4
2.253604261840228E8,1.1184523853067048E7,1.2621860733723252E9,6.695510892667618E8,1.041634936229672E9,1375024.6148359487,1.1173687095577747E7,0.0,42.95435092724679,4708102.644793153,7.86246036960057E8,38.34522111269615
2.2514786997863248E8,1.1169126736467237E7,1.2606650976666667E9,6.691630965213675E8,1.0406074418475784E9,1373143.6538461538,1.1158091341880342E7,0.0,42.894586894586894,4702794.78062678,7.853267781367521E8,38.29059829059829
2.249669607667141E8,1.1153862502133712E7,1.2593183887197723E9,6.512632122019914E8,1.0398905485504979E9,1371380.2403982931,1.1142930605974395E7,0.0,42.83357041251778,4699905.146514936,7.958157361650071E8,38.23613086770982
2.248027323622159E8,1.1138547950284092E7,1.257817084565341E9,6.6870574175E8,1.0387784724389205E9,1369541.3451704546,1.11275780625E7,0.0,42.77272727272727,4697101.448863637,7.835712711079545E8,38.18181818181818
2.246217121574468E8,1.1123482761702128E7,1.2564922060992908E9,6.501282331702127E8,1.0379797872241135E9,1367784.4354609929,1.1112334056737589E7,0.0,42.712056737588654,4693736.8312056735,7.944682732595744E8,38.12765957446808
2.244323094631728E8,1.1108241907932011E7,1.2550439894334278E9,6.683476801983002E8,1.0370397945113314E9,1365975.1798866855,1.1097237084985835E7,0.0,42.65155807365439,4691221.21246459,7.818020806756374E8,38.07365439093484
2.242873570678925E8,1.10933578854314E7,1.2537480572362094E9,6.49049758970297E8,1.0361910990792079E9,1364190.270155587,1.1082057779349364E7,0.0,42.591230551626595,4688266.659123055,7.931867081442716E8,38.01980198019802
2.2407501067937854E8,1.1078237120056497E7,1.2522828564096045E9,6.484455604053673E8,1.0352693265466101E9,1362419.5211864407,1.1066964401129944E7,0.0,42.53107344632768,4685430.262711864,7.800585356723164E8,37.96610169491525
2.2394624263892806E8,1.1063268184767278E7,1.2509357017574048E9,6.677989193794076E8,1.0343419625796897E9,1360643.976022567,1.1052085435825106E7,0.0,42.471086036671366,4683249.122708039,7.792359462002821E8,37.91255289139633
2.2374814479014084E8,1.1048313511267606E7,1.2495608561295774E9,6.474041572253522E8,1.0335828968295774E9,1358902.0577464788,1.1037074183098592E7,0.0,42.4112676056338,4680126.154929577,7.912752664338028E8,37.859154929577464
2.2358492286216596E8,1.1033375964838255E7,1.2481402319690576E9,6.673545258312236E8,1.0326954581842475E9,1357171.787623066,1.102236841068917E7,0.0,42.351617440225034,4677829.23769339,7.775521355724332E8,37.80590717299578
2.2342863650702247E8,1.101851194522472E7,1.246832973036517E9,6.463109610744382E8,1.031765891605337E9,1355392.956460674,1.100737288483146E7,0.0,42.29213483146067,4674580.671348315,7.900426572275281E8,37.752808988764045
2.2322662045862553E8,1.1003613476858346E7,1.2454145710462832E9,6.669913919831697E8,1.0309841393702664E9,1353704.0546984572,1.0992785026647966E7,0.0,42.232819074333804,4672459.983169706,7.758429458064516E8,37.69985974754558
2.230451057492997E8,1.098902849439776E7,1.2440536436638656E9,6.666998064453782E8,1.030066870245098E9,1351957.205882353,1.09779772464986E7,0.0,42.173669467787114,4669468.1512605045,7.749978789187675E8,37.64705882352941
2.2282907478181818E8,1.0974450325874126E7,1.2426714653118882E9,6.446398057510489E8,1.0292358448601398E9,1350278.1440559442,1.0963406335664336E7,0.0,42.11468531468532,4665056.979020979,7.881040159216783E8,37.59440559440559
2.2263964836731842E8,1.095998288687151E7,1.2412371252765362E9,6.661516494217877E8,1.0283063287611731E9,1348618.1466480447,1.0949164234636871E7,0.0,42.055865921787706,4661908.259776536,7.732658686047486E8,37.54189944134078
2.2247729877126917E8,1.0945644838214783E7,1.2399070244630404E9,6.659764821785216E8,1.027354067097629E9,1346902.9888423989,1.0934706078103207E7,0.0,41.99721059972106,4657979.564853556,7.723901352357043E8,37.48953974895397
2.2228705577855152E8,1.0931503772980502E7,1.2385105641420612E9,6.657110506044568E8,1.0265033997841226E9,1345260.168523677,1.0920563880222842E7,0.0,41.940111420612816,4654220.665738162,7.715256287938719E8,37.43732590529248
2.2208635042141864E8,1.091703683310153E7,1.237031253248957E9,6.652615228150209E8,1.0254881368942976E9,1343590.5493741308,1.0906489082058415E7,0.0,41.8817802503477,4651066.008344923,7.7068987691516E8,37.38525730180807
2.2190982515694445E8,1.0902916209722223E7,1.2357521628416667E9,6.417968930333333E8,1.0246143301625E9,1341914.3680555555,1.0892117877777778E7,0.0,41.82361111111111,4647002.875,7.847835278111111E8,37.333333333333336
2.217103382371706E8,1.0888746567267684E7,1.2343309261553397E9,6.648159518668516E8,1.0237550932552011E9,1340273.2635228848,1.0878156155339805E7,0.0,41.76560332871013,4644204.790568654,7.689581920443828E8,37.28155339805825
2.2150451919806093E8,1.0874563896121884E7,1.2329047234542937E9,6.644606046537396E8,1.0227665724972299E9,1338563.0235457064,1.0863730437673131E7,0.0,41.70914127423823,4639737.310249307,7.680474173130194E8,37.229916897506925
2.2134186298063624E8,1.086075453803596E7,1.2315699124979253E9,6.400604153305671E8,1.021813011890733E9,1336863.0802213002,1.0849550810511757E7,0.0,41.65145228215768,4635943.864453665,7.826957864094052E8,37.178423236514526
2.2112509337983426E8,1.0846644222375691E7,1.230166251455801E9,6.394850221174033E8,1.0209203014350829E9,1335213.7776243093,1.0835554270718232E7,0.0,41.5939226519337,4631997.425414365,7.819464565911602E8,37.12707182320442
2.2094214244275862E8,1.083244308551724E7,1.228737052422069E9,6.635547578289655E8,1.0199665423986207E9,1333537.7089655173,1.0821612013793103E7,0.0,41.53655172413793,4629041.186206897,7.654712262303448E8,37.07586206896552
2.2076129578099173E8,1.0818515403581267E7,1.227372443E9,6.632419940385675E8,1.018984725899449E9,1331830.282369146,1.0807534201101929E7,0.0,41.47933884297521,4625389.256198348,7.646142589807162E8,37.02479338842975
2.2055860064236587E8,1.080460298349381E7,1.226061843647868E9,6.377429554607978E8,1.018126719610729E9,1330151.7785419533,1.0793524335625859E7,0.0,41.422283356258596,4621396.624484181,7.637429883452544E8,36.9738651994498
2.203611106662088E8,1.0790661990384616E7,1.2246803657719781E9,6.371832201002747E8,1.0172647435096154E9,1328466.070054945,1.0779760277472528E7,0.0,41.36538461538461,4617903.818681318,7.628937642335165E8,36.92307692307692
2.2016748962551442E8,1.0776839600823045E7,1.2232720376296296E9,6.623137600713305E8,1.0162831902427983E9,1326771.7846364884,1.076609990946502E7,0.0,41.30864197530864,4614475.659807956,7.620642760109739E8,36.8724279835391
2.199705431E8,1.0762865253424658E7,1.2217870983123288E9,6.617648282657534E8,1.0151302526424657E9,1325034.0643835617,1.0752005484931506E7,0.0,41.25205479452055,4609935.098630137,7.611795080821918E8,36.821917808219176
2.1976718173597813E8,1.0749022313269494E7,1.22041633099316E9,6.614360149247606E8,1.0141505931833105E9,1323273.317373461,1.073804895485636E7,0.0,41.19562243502052,4605777.288645691,7.602811167906977E8,36.77154582763338
2.1956581595218578E8,1.0735353105191257E7,1.2190944587759564E9,6.347534682090164E8,1.0132916770177596E9,1321526.8838797815,1.0724056382513661E7,0.0,41.13934426229508,4601635.565573771,7.763564108688525E8,36.721311475409834
2.1933988645702592E8,1.0721532184174625E7,1.2176635656261938E9,6.607544193178718E8,1.0122637411991814E9,1319801.2237380627,1.0710083369713506E7,0.0,41.08321964529331,4596574.919508868,7.584559217189631E8,36.67121418826739
2.1916686748637602E8,1.0707887420980927E7,1.2163061393896458E9,6.604591625722071E8,1.0114195816362398E9,1318252.521798365,1.0696759942779291E7,0.0,41.02724795640327,4594391.634877385,7.576968674291553E8,36.62125340599455
2.190041737782313E8,1.0694609759183673E7,1.2150497753115647E9,6.602732454557823E8,1.0105174287659864E9,1316608.855782313,1.0682968282993197E7,0.0,40.97142857142857,4590771.744217687,7.568585783061224E8,36.57142857142857
2.1881873428668478E8,1.068093386548913E7,1.2137642025869565E9,6.325633696480979E8,1.0098019938057065E9,1315069.925271739,1.0669369206521738E7,0.0,40.91576086956522,4587501.144021739,7.736689711956521E8,36.52173913043478
2.1866760032428765E8,1.0667432128900949E7,1.212444746643148E9,6.59855902385346E8,1.0089092168561736E9,1313494.275440977,1.0655946618724559E7,0.0,40.86160108548168,4585094.702849389,7.552680400990502E8,36.47218453188602
2.184777816300813E8,1.0653982879403794E7,1.2111524971192412E9,6.315299741395664E8,1.0081462827872629E9,1311942.4810298104,1.0642386013550136E7,0.0,40.80623306233063,4581105.87804878,7.724604808482385E8,36.422764227642276
2.1832184020433018E8,1.0640554769959405E7,1.209820667991881E9,6.593999381596752E8,1.0073080943667117E9,1310388.7537212449,1.0629112381596752E7,0.0,40.7510148849797,4578970.392422192,7.536846650527741E8,36.37347767253045
2.1814000420675677E8,1.0627164831081081E7,1.2085784995567567E9,6.304903877932433E8,1.0064708387662162E9,1308802.3851351351,1.0615518164864864E7,0.0,40.695945945945944,4574663.894594595,7.712755366675676E8,36.32432432432432
2.1792970895411605E8,1.0613466284750337E7,1.2072278831902833E9,6.589409416248313E8,1.0056487299500675E9,1307222.2199730095,1.0602093784075573E7,0.0,40.64102564102564,4571080.893387315,7.520373761524966E8,36.2753036437247
2.1775705545956874E8,1.060060230592992E7,1.2059037269110513E9,6.586316514690027E8,1.0047237189690027E9,1305705.960916442,1.0589143442048518E7,0.0,40.586253369272235,4567028.703504043,7.512143519865229E8,36.22641509433962
2.1756230041318977E8,1.058757494347241E7,1.2045755919327052E9,6.583415841938089E8,1.003905047371467E9,1304230.8977119785,1.0576331916554509E7,0.0,40.53162853297443,4563758.702557201,7.504194877039031E8,36.177658142664875
2.174105121545699E8,1.0574650477150537E7,1.2033025901263442E9,6.581017812473118E8,1.0029757975013441E9,1302662.2943548388,1.0562946553763442E7,0.0,40.47715053763441,4559953.798387097,7.496022706357527E8,36.12903225806452
2.1720467697583893E8,1.056089532214765E7,1.202030550161074E9,6.579434138872483E8,1.0023519179879194E9,1301115.9369127518,1.054965389261745E7,0.0,40.422818791946305,4555879.833557047,7.487961904644295E8,36.080536912751676
2.1703239171715817E8,1.0547247280160857E7,1.2006851119678285E9,6.576062598981234E8,1.0014762640120643E9,1299499.4651474531,1.0536058831099195E7,0.0,40.3686327077748,4553153.002680965,7.480324206675603E8,36.03217158176944
2.1688773384069613E8,1.0533718512717538E7,1.1995494177911646E9,6.268823603293172E8,1.0008522456398929E9,1297934.3360107094,1.0522596982597055E7,0.0,40.31459170013387,4550452.3668005355,7.669538572423025E8,35.98393574297189
2.167107761671123E8,1.0520141356951872E7,1.198220921986631E9,6.573430696283423E8,1.000043142894385E9,1296360.8676470588,1.0509194687165776E7,0.0,40.26069518716577,4548699.518716577,7.465034870147059E8,35.93582887700535
2.1657502024432576E8,1.0506850078771695E7,1.1970878365100133E9,6.259296430881175E8,9.993357327142857E8,1294782.901201602,1.0495657690253671E7,0.0,40.20694259012016,4545728.381842457,7.457117203564754E8,35.88785046728972
2.1639240366266668E8,1.0493314350666666E7,1.1957828350693333E9,6.570759680586667E8,9.985623953293333E8,1293170.7,1.0482384618666667E7,0.0,40.153333333333336,4543810.573333333,7.449603761973333E8,35.84
2.1627123201731026E8,1.048004082689747E7,1.1946101387909453E9,6.569730447616512E8,9.977467975832224E8,1291596.4700399467,1.0468948849533955E7,0.0,40.099866844207725,4540861.613848203,7.441910744234354E8,35.792276964047936
2.161015107300532E8,1.0466563788563829E7,1.193359640369681E9,6.568214450106384E8,9.971012324587766E8,1290049.7779255318,1.0455584476063829E7,0.0,40.046542553191486,4538660.85106383,7.434249218976064E8,35.744680851063826
2.1596474506374502E8,1.0453245918990703E7,1.192129539176627E9,6.566379623479415E8,9.962683142536521E8,1288487.9535192563,1.044240475431607E7,0.0,39.9933598937583,4536790.347941567,7.427068522284197E8,35.69721115537848
2.1579959653183025E8,1.0440081805039788E7,1.190957517729443E9,6.235814186936339E8,9.956128556564987E8,1286938.8076923077,1.0429131021220159E7,0.0,39.94031830238727,4533882.718832891,7.630595263448275E8,35.649867374005304
2.15644315E8,1.0426746459602648E7,1.1896927560953643E9,6.563396738092716E8,9.94834839386755E8,1285391.5165562914,1.041600401589404E7,0.0,39.88741721854305,4532455.313907285,7.411956328993378E8,35.602649006622514
2.1549065732671958E8,1.0413693956349207E7,1.1885418151640213E9,6.226445364470899E8,9.941229941521164E8,1283858.6574074074,1.0402669267195767E7,0.0,39.83465608465608,4529475.605820105,7.619697317619047E8,35.55555555555556
2.1531228336195508E8,1.0400441935270805E7,1.1872163898837516E9,6.559161609643329E8,9.932585692826948E8,1282280.6142668428,1.0389506264200792E7,0.0,39.78203434610304,4527278.026420079,7.396762592589167E8,35.508586525759576
2.1517185363192612E8,1.0387788106860159E7,1.18602498976781E9,6.55754886712401E8,9.92431554383905E8,1280755.251978892,1.037650963060686E7,0.0,39.729551451187334,4523803.469656992,7.389082466754618E8,35.46174142480211
2.1496888971146244E8,1.0374746130434783E7,1.1847655042951252E9,6.555455442924901E8,9.917279340777339E8,1279280.2200263503,1.0363727183135705E7,0.0,39.6772068511199,4520378.36627141,7.381185823899869E8,35.41501976284585
2.1481331045657894E8,1.0361997417105263E7,1.1834875528342106E9,6.552223072131579E8,9.90824616706579E8,1277746.377631579,1.035081020263158E7,0.0,39.625,4517474.292105263,7.373688746618421E8,35.36842105263158
2.1462593275558475E8,1.0349434450722734E7,1.1823108210144546E9,6.550872693850197E8,9.900847693942181E8,1276290.2930354797,1.0338086948751643E7,0.0,39.57293035479632,4513727.837056505,7.365481402470434E8,35.321944809461236
2.1444435659711286E8,1.0336737108923884E7,1.1810069849553807E9,6.54730090847769E8,9.892178366312336E8,1274829.6916010499,1.032558120734908E7,0.0,39.520997375328086,4510878.674540683,7.35792200855643E8,35.275590551181104
2.1429674442332897E8,1.0324214365661861E7,1.1797832271114023E9,6.544955161389253E8,9.88373655E8,1273324.2005242463,1.031281511402359E7,0.0,39.469200524246396,4507938.078636959,7.35037284017038E8,35.22935779816514
2.1412289481806284E8,1.0311623155759163E7,1.178607242958115E9,6.186129449253926E8,9.877194919123037E8,1271884.7578534032,1.0300347167539267E7,0.0,39.417539267015705,4504725.641361256,7.571928075602094E8,35.18324607329843
2.139582173398693E8,1.0299034741176471E7,1.1773476151084967E9,6.540741777281046E8,9.86891315227451E8,1270429.0287581699,1.0287937545098038E7,0.0,39.36601307189542,4502153.976470588,7.33540387420915E8,35.13725490196079
2.1380366343472585E8,1.0286833674934726E7,1.1762233497415144E9,6.176493093537859E8,9.861440293981724E8,1268955.638381201,1.0275345937336816E7,0.0,39.31462140992167,4498546.010443864,7.560184355613577E8,35.09138381201044
2.1362523067666233E8,1.0274247049543677E7,1.1749567765371578E9,6.537147764954368E8,9.853950941342894E8,1267513.7718383311,1.026310904302477E7,0.0,39.26336375488918,4495990.299869622,7.320123702073011E8,35.04563233376793
2.134823403059896E8,1.0261830444010416E7,1.1737323123333333E9,6.53455771953125E8,9.845559349726562E8,1266021.87890625,1.0250523520833334E7,0.0,39.212239583333336,4493037.59375,7.312689923268229E8,35.0
2.132975553927178E8,1.024939300260078E7,1.1725607821378415E9,6.532971674096229E8,9.83847815970091E8,1264590.5058517556,1.0238220059817946E7,0.0,39.161248374512354,4489666.309492848,7.304883517581275E8,34.954486345903774
2.1310097780649352E8,1.0236767474025974E7,1.1713019555766234E9,6.530069485714285E8,9.830507463E8,1263135.3909090909,1.0225871327272728E7,0.0,39.11038961038961,4486380.184415584,7.297060387337662E8,34.90909090909091
2.1294872495071337E8,1.0224625023346303E7,1.1700882157821012E9,6.527404915901427E8,9.822073336121919E8,1261678.981841764,1.0213673437094683E7,0.0,39.05966277561608,4483181.73540856,7.28959669614786E8,34.86381322957198
2.127621960738342E8,1.0212340695595855E7,1.168897623158031E9,6.146597470647669E8,9.814468959676166E8,1260254.2033678757,1.0201392525906736E7,0.0,39.009067357512954,4479527.797927462,7.523939713652849E8,34.818652849740936
2.1257756581500646E8,1.0199896526520051E7,1.167623202457956E9,6.521551620206985E8,9.806442745653299E8,1258805.8124191463,1.018922E7,0.0,38.95860284605433,4476634.6934023285,7.274418521940491E8,34.77360931435964
2.124151705878553E8,1.018767395994832E7,1.1663807239043927E9,6.518341176304909E8,9.798051312958657E8,1257312.319121447,1.017684392248062E7,0.0,38.90826873385013,4473609.819121447,7.267111740335917E8,34.72868217054263
2.122621136632258E8,1.0175710122580646E7,1.1651813675458064E9,6.515694342787097E8,9.789461739393549E8,1255834.8812903226,1.0164615243870968E7,0.0,38.85806451612903,4470285.718709677,7.259612365406451E8,34.68387096774194
2.1208514030541238E8,1.016342524871134E7,1.1639631579329896E9,6.513271874432989E8,9.78217407109536E8,1254364.1894329898,1.0152498456185566E7,0.0,38.80798969072165,4466992.768041237,7.252052122190722E8,34.63917525773196
2.1191710023037323E8,1.015106884041184E7,1.162697527992278E9,6.509589515598456E8,9.77340901072072E8,1252856.6525096525,1.0140294036036037E7,0.0,38.758043758043755,4464543.74002574,7.244949603243244E8,34.5945945945946
2.116953813251928E8,1.0138740602827763E7,1.1614466873573265E9,6.505007889228792E8,9.763712016928021E8,1251310.0964010283,1.0127934218508998E7,0.0,38.70822622107969,4460029.293059126,7.236769149884319E8,34.55012853470437
2.114898201296534E8,1.0126343569961488E7,1.1601898157792041E9,6.50114839309371E8,9.7552856342362E8,1249884.9537869063,1.0115699532734275E7,0.0,38.65853658536585,4456681.653401798,7.229063545481386E8,34.50577663671373
2.113651030448718E8,1.0114467391025642E7,1.159090725451282E9,6.500000450282052E8,9.747717120987179E8,1248459.9217948718,1.0103485315384615E7,0.0,38.60897435897436,4453613.653846154,7.221847424205128E8,34.46153846153846
2.1118694778361076E8,1.0102400249679897E7,1.1579212517106273E9,6.498359095006402E8,9.741367440396928E8,1247130.6517285532,1.009161752112676E7,0.0,38.5595390524968,4450716.647887324,7.214521282240717E8,34.41741357234315
2.110522186943734E8,1.0090507456521738E7,1.156756471488491E9,6.495895296777494E8,9.732886801419437E8,1245707.2877237853,1.007951251662404E7,0.0,38.510230179028135,4447927.659846547,7.207401424411764E8,34.373401534526856
2.1087233761302683E8,1.007821095146871E7,1.1556363969808428E9,6.49472517054917E8,9.726626836538953E8,1244288.116219668,1.0067250845466156E7,0.0,38.4610472541507,4444066.201787995,7.200014558646232E8,34.32950191570881
2.107068425497449E8,1.0066428264030613E7,1.1544196833367348E9,6.491223702270408E8,9.718046607538265E8,1242902.5089285714,1.0055533704081632E7,0.0,38.411989795918366,4440772.380102041,7.192906687359694E8,34.285714285714285
2.1054778056942675E8,1.0055180969426751E7,1.1533261645936306E9,6.49030415467516E8,9.71158246266242E8,1241596.378343949,1.0043983123566879E7,0.0,38.36305732484077,4437210.527388535,7.185481181503185E8,34.24203821656051
2.103594801946565E8,1.0043328281170484E7,1.152119612389313E9,6.487137682951654E8,9.703437866068702E8,1240268.6424936387,1.0032484180661578E7,0.0,38.31424936386768,4434392.997455471,7.17818435754453E8,34.19847328244275
2.102242229390089E8,1.0031575856416773E7,1.1509630934993646E9,6.484610185870394E8,9.6947976658831E8,1238863.6149936467,1.0020598935196951E7,0.0,38.26556543837357,4431049.773824651,7.171011781728082E8,34.15501905972046
2.1004431001142132E8,1.001929355964467E7,1.1498480072588832E9,6.483704777715737E8,9.689136144073604E8,1237435.1484771573,1.0008412916243656E7,0.0,38.21700507614213,4427201.918781726,7.163725876713198E8,34.111675126903556
2.0992358926362485E8,1.0007121737642586E7,1.1486946245297844E9,6.481277759873258E8,9.681170857427123E8,1235968.0443599494,9996139.399239544,0.0,38.168567807351074,4425205.330798479,7.156951608846642E8,34.06844106463878
2.09792329221519E8,9995043.337974684,1.1476857108962026E9,6.481756798835443E8,9.675573867607595E8,1234565.9784810126,9984058.356962025,0.0,38.120253164556964,4422774.916455696,7.149828275886075E8,34.0253164556962
2.0963227756637168E8,9982911.1011378,1.1465340227458913E9,6.479652332642225E8,9.668272668558786E8,1233136.223767383,9972005.896333754,0.0,38.07206068268015,4420691.886219975,7.14301282E8,33.982300884955755
2.0952709720580807E8,9970986.516414141,1.1455171931742425E9,6.479395570277778E8,9.661755367310606E8,1231721.6224747475,9959926.232323233,0.0,38.023989898989896,4418420.0,7.136150083989899E8,33.93939393939394
2.0936188834678435E8,9958876.185372004,1.144367275107188E9,6.477507983026482E8,9.655285401778058E8,1230354.1273644387,9947945.134930642,0.0,37.97604035308953,4416450.517023959,7.129322407515763E8,33.896595208070615
2.0925691532367757E8,9947050.835012594,1.1432806792695215E9,6.476052447506297E8,9.647550004395466E8,1228919.5428211587,9935915.874055415,0.0,37.92821158690176,4414587.108312342,7.122674078501259E8,33.85390428211587
2.0910801353836477E8,9935017.96855346,1.1422223142037735E9,6.475771805358491E8,9.642569983610063E8,1227559.9861635221,9924118.694339622,0.0,37.880503144654085,4412899.640251572,7.115961784515723E8,33.81132075471698
2.0897365380025125E8,9923008.157035176,1.1410874747311559E9,6.47355176758794E8,9.634766365364321E8,1226128.9761306532,9912222.695979899,0.0,37.83291457286432,4410322.927135678,7.109136634020101E8,33.768844221105525
2.088315541217064E8,9911185.594730237,1.140053991425345E9,6.473497046097867E8,9.62960045208281E8,1224766.3776662485,9900346.582183188,0.0,37.785445420326226,4408277.141781681,7.102267886951066E8,33.72647427854454
2.0869160033959898E8,9899344.236842105,1.1389363217669172E9,6.47148611293233E8,9.621968852192982E8,1223348.5125313282,9888411.766917294,0.0,37.73809523809524,4406273.616541353,7.095569041566416E8,33.68421052631579
2.0854127234918648E8,9887468.451814769,1.1379020313491864E9,6.470566448635795E8,9.615631080588236E8,1221963.4705882352,9876505.827284105,0.0,37.690863579474346,4403578.928660826,7.088424824105132E8,33.64205256570713
2.0837602691125E8,9875655.52875,1.1367140262875E9,6.467630092E8,9.6080158276875E8,1220587.47375,9864751.4775,0.0,37.64375,4400932.4125,7.081656869575E8,33.6
2.0824053738451934E8,9864549.759051185,1.1356553308514357E9,6.466070992234707E8,9.600476227553059E8,1219208.3732833958,9853226.40699126,0.0,37.596754057428214,4397644.826466916,7.074527468139825E8,33.558052434456926
2.0806326533291772E8,9852807.1159601,1.1345583930448878E9,6.464749639376558E8,9.594493997793018E8,1217879.993765586,9841702.324189527,0.0,37.5498753117207,4394135.264339152,7.06744184670823E8,33.51620947630923
2.079230012241594E8,9841651.05977584,1.1334669887970111E9,6.4628402426401E8,9.587275776849315E8,1216535.0572851805,9830357.905354919,0.0,37.50311332503113,4391503.726027397,7.060705331083437E8,33.474470734744706
2.0777307277238807E8,9830595.560945274,1.1324433374477613E9,5.999999897835821E8,9.58065690090796E8,1215188.5062189056,9818899.848258706,0.0,37.45646766169154,4388451.4701492535,7.347841406915423E8,33.43283582089552
2.075968621826087E8,9818960.766459627,1.1312509730136645E9,6.458486276198758E8,9.573719752807454E8,1213901.144099379,9807910.536645962,0.0,37.409937888198755,4386178.939130435,7.046996133850932E8,33.391304347826086
2.0746614271091813E8,9807752.045905707,1.1301602347369728E9,6.456358933027295E8,9.566060202270472E8,1212564.5918114143,9796539.203473946,0.0,37.36352357320099,4383445.975186104,7.040186984466501E8,33.349875930521094
2.072904915873606E8,9796458.365551425,1.129057435511772E9,5.985874164312267E8,9.559183192379183E8,1211260.717472119,9785129.043370508,0.0,37.317224287484514,4380095.422552664,7.331889386171004E8,33.30855018587361
2.0711518174381188E8,9784971.13490099,1.127898824371287E9,6.451139920049505E8,9.552377432339109E8,1209974.370049505,9774049.26980198,0.0,37.271039603960396,4377819.6064356435,7.026409423638614E8,33.26732673267327
2.069705678133498E8,9773729.064276885,1.1267460639184177E9,6.447983873127317E8,9.544678780506798E8,1208645.0988875155,9762862.06922126,0.0,37.224969097651424,4375396.889987639,7.019784002571075E8,33.22620519159456
2.0682620385555556E8,9762684.285185184,1.1257207221580248E9,6.446804788938272E8,9.537903157814815E8,1207319.438271605,9751599.528395062,0.0,37.17901234567901,4372469.925925926,7.01282254534568E8,33.18518518518518
2.0665869754254007E8,9751349.749691738,1.1245875225277436E9,6.444421959975339E8,9.531328567361282E8,1206043.0419235511,9740656.004932182,0.0,37.13316892725031,4370164.655980271,7.00620991838471E8,33.1442663378545
2.065296087229064E8,9740332.34359606,1.1235111435320196E9,6.442313218768473E8,9.523571898657635E8,1204720.0209359606,9729481.544334976,0.0,37.08743842364532,4367534.470443349,6.999528211293104E8,33.10344827586207
2.0636154690405905E8,9729295.725707257,1.1224303112767527E9,5.958853708499385E8,9.517291313788438E8,1203443.9520295202,9718473.424354244,0.0,37.04182041820418,4364575.852398524,7.300535303886839E8,33.06273062730627
2.0620079186363637E8,9718183.863636363,1.1212810784742014E9,6.437403568624078E8,9.509951427432432E8,1202165.2985257986,9707774.405405406,0.0,36.9963144963145,4362389.152334153,6.986138029668305E8,33.022113022113025
2.0605916393251532E8,9707258.435582822,1.1201854934282207E9,6.43487170002454E8,9.502103122294478E8,1200832.4012269939,9696700.56196319,0.0,36.95092024539877,4359386.812269939,6.979309398490797E8,32.98159509202454
2.0589590506985295E8,9696097.37377451,1.1191214356593137E9,5.94510590867647E8,9.496070854718137E8,1199544.6237745099,9685723.598039215,0.0,36.90563725490196,4356524.181372549,7.28478836117647E8,32.94117647058823
2.0572310740881273E8,9685040.843329253,1.1180031123353734E9,6.43045180252142E8,9.488567589534883E8,1198245.7490820074,9675009.395348838,0.0,36.86046511627907,4353609.037943697,6.965599927258261E8,32.90085679314566
2.0558621288875306E8,9674086.614914425,1.1169199556845965E9,6.428090182616137E8,9.481267424339854E8,1196908.1699266504,9663950.88997555,0.0,36.81540342298288,4351021.811735941,6.958995474853301E8,32.86063569682152
2.0543068544932845E8,9663144.086691087,1.1158882877435896E9,5.931738558278388E8,9.474493588534799E8,1195576.0354090354,9652787.697191697,0.0,36.77045177045177,4347554.72039072,7.268219732747253E8,32.827838827838825
2.0528020849634147E8,9652089.693902439,1.1147958178365853E9,5.927400966987805E8,9.468000725865854E8,1194234.2012195121,9641886.102439024,0.0,36.72560975609756,4344973.380487805,7.262966543E8,32.78780487804878
2.0513086983556637E8,9640921.962241169,1.1136526345676005E9,6.420936415736907E8,9.459586065883069E8,1192863.2630937882,9630900.314250914,0.0,36.680876979293544,4342509.885505481,6.938664115749086E8,32.747868453105966
2.0498381236861312E8,9629971.599756692,1.112563297026764E9,6.418286298929441E8,9.451881608406326E8,1191473.409975669,9619784.676399026,0.0,36.63625304136253,4339135.3309002435,6.931765568090024E8,32.70802919708029
2.048168597800729E8,9618979.452004861,1.111446792690158E9,5.912765292345079E8,9.444083908566221E8,1190084.9951397327,9608824.631834751,0.0,36.591737545565,4336083.970838396,6.924886079781288E8,32.66828675577157
2.0464316190898058E8,9607957.083737863,1.1103704484393203E9,5.908429461711165E8,9.437498670424757E8,1188680.8774271845,9597758.160194175,0.0,36.547330097087375,4332708.36407767,7.240096534975728E8,32.62864077669903
2.0447708726666668E8,9597114.32121212,1.1092535143806062E9,5.903443412884848E8,9.429177907624242E8,1187331.2787878788,9586659.086060606,0.0,36.5030303030303,4328896.501818182,7.233586135054545E8,32.589090909090906
2.0432514177360776E8,9586005.44188862,1.1081649168401937E9,6.406891896876513E8,9.422352689527845E8,1186033.7590799031,9575612.075060533,0.0,36.458837772397096,4325656.78692494,6.904285832384988E8,32.549636803874094
2.0418548913784763E8,9575827.783555018,1.1071831873228538E9,5.895075990350665E8,9.415707199238211E8,1184812.992744861,9565125.107617896,0.0,36.63724304715841,4322184.374848851,7.223468090834341E8,32.510278113663844
2.0402652129589373E8,9565212.696859904,1.106095785210145E9,5.890584444963768E8,9.409290714939613E8,1183667.252415459,9555105.760869564,0.0,36.59299516908212,4319433.845410628,7.218535591908213E8,32.471014492753625
2.039012571664656E8,9554842.112183353,1.1050612592328105E9,6.401303938455971E8,9.402002768383595E8,1182406.5657418577,9544567.36791315,0.0,36.54885404101327,4316878.014475271,6.884814800012063E8,32.431845597104946
2.0374897367831326E8,9544095.495180722,1.1040492058096385E9,5.882475108855422E8,9.395655113168675E8,1181124.191566265,9533717.886746988,0.0,36.50481927710843,4313455.134939759,7.208457101012049E8,32.39277108433735
2.0360618261492178E8,9533053.158844765,1.1029507243249097E9,6.397306209290012E8,9.389337425691937E8,1179865.9386281588,9522780.204572804,0.0,36.46089049338147,4311847.903730446,6.872252166052948E8,32.35379061371841
2.0349573931370193E8,9522214.852163462,1.1020520912524037E9,5.875025468485577E8,9.384263101670673E8,1178597.8064903845,9511804.23076923,0.0,36.41706730769231,4309612.276442308,7.199699966033654E8,32.31490384615385
2.0334247779471788E8,9511175.780312125,1.1009548906290517E9,6.39508855332533E8,9.377487771296519E8,1177335.2545018008,9500954.441776711,0.0,36.373349339735896,4308396.518607443,6.859924952244898E8,32.27611044417767
2.0325821604916066E8,9500449.840527577,1.1000371929784172E9,5.867100109244604E8,9.371520588357314E8,1176047.4496402878,9490097.6882494,0.0,36.329736211031175,4306533.966426859,7.191386316954436E8,32.23741007194245
2.0310633046107784E8,9489469.926946107,1.09897215011497E9,5.862885300958084E8,9.365955408275449E8,1174797.8215568862,9479253.051497007,0.0,36.28622754491018,4305172.776047904,7.187144587209581E8,32.19880239520958
2.0300175886004785E8,9478618.88875598,1.0980045560239234E9,5.8591473719378E8,9.359217473767942E8,1173515.773923445,9468549.43062201,0.0,36.24282296650718,4302892.531100478,6.841660543624402E8,32.16028708133971
2.0286525572162485E8,9467886.617682198,1.0970269798566308E9,5.855627761959379E8,9.354421186033453E8,1172292.5173237754,9457825.806451613,0.0,36.199522102747906,4301636.432497013,6.835713650585424E8,32.121863799283155
2.0276038604892603E8,9457134.289976133,1.0960146527684965E9,6.389178939451073E8,9.347050080250597E8,1170995.9821002386,9446962.751789976,0.0,36.156324582338904,4299758.668257756,6.829668303890215E8,32.08353221957041
2.0262184532657927E8,9446422.592371872,1.0950556768486292E9,5.847927221168057E8,9.34207837796186E8,1169786.1418355184,9436324.00476758,0.0,36.11323003575686,4297957.194278903,7.169649085935638E8,32.04529201430274
2.0251011880119047E8,9435632.801190477,1.0940296401214285E9,6.38625952852381E8,9.335110027011905E8,1168472.4011904763,9425542.604761904,0.0,36.070238095238096,4296309.164285715,6.817624632928572E8,32.00714285714286
2.023997177395957E8,9425058.736028537,1.0931415946492271E9,5.840733473400713E8,9.329846909048752E8,1167243.1783590964,9414907.474435195,0.0,36.02734839476813,4293603.0321046375,7.160358480618311E8,31.96908442330559
2.022845165023753E8,9414448.027315915,1.092124626736342E9,6.384543105700712E8,9.323374489536817E8,1166018.393111639,9404334.529691212,0.0,35.98456057007126,4292123.344418053,6.80559315192399E8,31.931116389548695
2.0214770383985764E8,9404173.616844602,1.0911826171814947E9,5.832756903309609E8,9.316411551897984E8,1164740.7888493475,9393673.143534994,0.0,35.94187425860024,4288585.198102017,7.150981655539739E8,31.893238434163703
2.0199595031872037E8,9393711.797393365,1.0901551387559242E9,6.381492206611375E8,9.310659765959716E8,1163556.3969194312,9383480.011848342,0.0,35.899289099526065,4286427.28436019,6.792911862440758E8,31.855450236966824
2.0187754395384616E8,9383574.00591716,1.0891779856E9,5.824782031928995E8,9.30380495539645E8,1162316.3798816567,9373039.6,0.0,35.85680473372781,4283787.668639054,7.14177880766864E8,31.817751479289942
2.0172934906264776E8,9373304.294326242,1.08816367956974E9,5.820711515520095E8,9.297792786867613E8,1161175.7884160758,9362979.21749409,0.0,35.814420803782504,4281328.373522459,7.136874343900709E8,31.78014184397163
2.0162820529043683E8,9363337.151121605,1.087197982344746E9,6.376512854285715E8,9.290860051180638E8,1159976.142857143,9352656.635183,0.0,35.77213695395513,4278880.106257379,6.774406739268005E8,31.742621015348288
2.014751980341981E8,9353096.824292453,1.08623516029717E9,5.813282721261792E8,9.285753513242924E8,1158831.8337264152,9342534.966981132,0.0,35.72995283018868,4276097.660377358,7.127196504929246E8,31.705188679245282
2.0135260945700824E8,9342885.803297998,1.0851961950129564E9,6.372648041012956E8,9.278296698150766E8,1157640.144876325,9332350.369846879,0.0,35.687868080094226,4273771.726737338,6.76209572836278E8,31.6678445229682
2.0122485041764706E8,9332908.19882353,1.0842864505905883E9,5.805571457058823E8,9.272948801423529E8,1156469.6764705882,9322127.115294117,0.0,35.64588235294118,4271145.698823529,7.11788261877647E8,31.630588235294116
2.0108466260282022E8,9322753.3266745,1.0832293012432432E9,6.369394979388955E8,9.266190034112809E8,1155317.6674500587,9312227.32079906,0.0,35.60399529964747,4269231.725029377,6.749950984653349E8,31.593419506462986
2.0095420762793428E8,9312775.080985915,1.0822888838826292E9,5.796824148016431E8,9.259279555246478E8,1154101.031690141,9301932.5657277,0.0,35.56220657276995,4266510.483568075,7.108793157840376E8,31.556338028169016
2.0080527500468934E8,9302515.895662367,1.0812610076037514E9,5.79268802126612E8,9.253491397080891E8,1152959.4783118407,9291931.570926143,0.0,35.52051582649472,4264378.375146542,7.104188736951934E8,31.519343493552167
2.006905992002342E8,9292536.507025762,1.080266675266979E9,6.362846671334895E8,9.246536290761124E8,1151770.7974238875,9282036.988290397,0.0,35.478922716627636,4262229.6510538645,6.731869038864169E8,31.482435597189696
2.005592956011696E8,9282653.10994152,1.0793422345614035E9,5.785115782619883E8,9.241061330584795E8,1150661.6456140352,9272181.466666667,0.0,35.437426900584796,4259805.5578947365,7.095333810549707E8,31.44561403508772
2.0041523981892523E8,9272621.512850467,1.078321522516355E9,6.359446881238317E8,9.234451105619159E8,1149518.2792056075,9262422.373831775,0.0,35.396028037383175,4257826.271028037,6.71988959567757E8,31.4088785046729
2.0030759845157525E8,9262984.869311552,1.0774246249731622E9,5.777321618588098E8,9.227580896371062E8,1148330.6872812135,9252293.52158693,0.0,35.354725787631274,4254626.2823803965,7.085478091691948E8,31.37222870478413
2.001652841153846E8,9252865.705128206,1.0764309857109556E9,5.773402156923077E8,9.221915133298368E8,1147216.001165501,9242507.025641026,0.0,35.31351981351981,4252294.254079254,7.080881419417249E8,31.335664335664337
2.0004620174970895E8,9243116.285215367,1.0754368867683353E9,6.354654534039581E8,9.215013728835856E8,1146054.2945285216,9232600.18160652,0.0,35.27240977881257,4249988.798603027,6.701611422549477E8,31.29918509895227
1.9991828349186048E8,9233361.466279069,1.074541690283721E9,5.76576192394186E8,9.209257387755814E8,1144864.8709302326,9222516.346511628,0.0,35.23139534883721,4247173.911627907,7.071446915674418E8,31.26279069767442
1.9975326364343786E8,9223228.786295006,1.0735332357119628E9,5.761713486074332E8,9.203619342311265E8,1143734.5005807201,9212796.336817654,0.0,35.19047619047619,4245116.655052265,7.066949319465737E8,31.226480836236934
1.9965883207076567E8,9213454.806264501,1.0725940011276102E9,5.757876050324826E8,9.196612189733179E8,1142539.0939675174,9202681.726218097,0.0,35.14965197215777,4242653.703016241,7.062399615638051E8,31.190255220417633
1.9951978108806488E8,9203514.34414832,1.0716612164797219E9,5.754433219351101E8,9.191742598806489E8,1141410.6477404402,9192890.387022017,0.0,35.10892236384704,4240047.863267671,7.05750124400927E8,31.154113557358052
1.9939096051967594E8,9193601.693287037,1.0706531149097222E9,5.750127415474538E8,9.184858697581018E8,1140253.7835648148,9183060.319444444,0.0,35.06828703703704,4237785.071759259,7.05332036886574E8,31.118055555555557
1.992733550947977E8,9183937.515606936,1.0697428513433526E9,5.746595085953758E8,9.178901853491329E8,1139083.3791907514,9173065.861271676,0.0,35.02774566473988,4235146.813872833,7.048536039398844E8,31.082080924855493
1.9911411764780602E8,9173871.87413395,1.0687453217482679E9,5.742499062921478E8,9.173054916316397E8,1137953.0404157045,9163358.180138567,0.0,34.98729792147806,4232422.505773672,7.04396261443418E8,31.04618937644342
1.989920025017301E8,9163901.096885813,1.0677625894417531E9,5.738353703217993E8,9.165648527762399E8,1136765.5928489042,9153389.81314879,0.0,34.94694348327566,4229171.374855825,7.038938426828144E8,31.01038062283737
1.9883249248502305E8,9154444.342165899,1.0667845787211982E9,5.734372272834102E8,9.159729836071428E8,1135656.8076036866,9143867.642857144,0.0,34.90668202764977,4225831.32718894,7.033368931221198E8,30.974654377880185
1.9868510461565018E8,9144872.70310702,1.065797992853855E9,5.730165793141541E8,9.153248195109321E8,1134566.3141542003,9134718.814729575,0.0,34.86651323360184,4223259.109321059,7.028795934959724E8,30.939010356731877
1.9856578881494254E8,9135347.805747127,1.0648460614436781E9,5.726143394091954E8,9.14606531054023E8,1133389.2655172413,9125001.050574712,0.0,34.826436781609196,4220615.287356322,7.023961142367816E8,30.90344827586207
1.9840752327324915E8,9125464.96326062,1.0638966957382319E9,5.722456285361654E8,9.140547447864524E8,1132234.0470723307,9115148.01836969,0.0,34.78645235361653,4217422.167623421,7.018679738277842E8,30.86796785304248
1.98213892375E8,9115196.641055046,1.0627311524197248E9,6.326648614655963E8,9.131646713176606E8,1130978.7075688073,9104985.917431192,0.0,34.74770642201835,4213333.6674311925,6.62244046233945E8,30.83256880733945
