1.4556731066224432E8,4853380.5693753455,6.322358232183527E8,5.991133416932007E8,6.761960996594803E8,803680.4046434495,4864538.715312327,0.0,23.098396904367053,2152512.9906025426,3.9466113513432837E8,15.051409618573798
1.4551450761436465E8,4851255.896132597,6.319864170254143E8,5.988589177027625E8,6.759594151005524E8,804573.2243093923,4862604.689502763,0.0,23.362983425414363,2151892.4939226517,3.945650975138122E8,15.043093922651934
1.4547183353285477E8,4849868.293760354,6.317497779315295E8,5.986268163103257E8,6.75745278036444E8,804276.6162341248,4860863.1805632245,0.0,23.584759801214798,2151304.6570955273,3.945042216753175E8,15.03478741027057
1.4541951981456953E8,4847820.114790287,6.314928651732892E8,5.983762369365342E8,6.754918001766005E8,803907.9922737307,4859029.941501103,0.0,23.730132450331126,2150496.0485651214,3.944067006843267E8,15.026490066225165
1.453591559095422E8,4845650.6343077775,6.312296505548815E8,5.98114166237176E8,6.752297088968561E8,803496.9509100937,4856919.756205184,0.0,23.921676778819634,2149619.019305019,3.943117145990072E8,15.018201875344733
1.4530011764057332E8,4843645.747519295,6.309960085281147E8,5.978701064283352E8,6.750097886471885E8,803121.7133406836,4855075.5016538035,0.0,24.11907386990077,2148852.1069459757,3.9424678613781697E8,15.009922822491731
1.4525183813884297E8,4841948.555371901,6.307909006644628E8,5.976445736986226E8,6.747906767173554E8,802780.5564738292,4853105.849035813,0.0,24.105785123966943,2148125.579063361,3.941937415063361E8,15.001652892561983
1.4521495432378855E8,4840130.320484581,6.305706167610133E8,5.974302866596916E8,6.746208585319383E8,802427.2092511014,4851378.264317181,0.0,24.09251101321586,2147303.845814978,3.941478578612335E8,14.993392070484582
1.4517766061750138E8,4837901.756741882,6.303316593560815E8,5.972127637066593E8,6.744263924711062E8,802182.2938910292,4849367.673087507,0.0,24.079251513483765,2146410.1177765545,3.941266251887727E8,14.985140341221793
1.4514061660286027E8,4835679.649064907,6.301125176479648E8,5.970188744724972E8,6.742708104378438E8,801939.9592959296,4847168.371837184,0.0,24.067656765676567,2145396.389438944,3.940625860770077E8,14.976897689768977
1.4509976874986255E8,4833475.443650357,6.298888473347993E8,5.968174855409566E8,6.740869583320506E8,801819.5766904893,4845099.440351842,0.0,24.056624518966466,2144427.03793293,3.939847477064321E8,14.96866410115448
1.4504911775604397E8,4831200.083516483,6.296399116307693E8,5.965966946093407E8,6.738936340186813E8,801528.7703296703,4842753.585714285,0.0,24.043406593406594,2143399.454945055,3.938621730285714E8,14.96043956043956
1.4499883174409664E8,4828860.94892916,6.293533574233937E8,5.963368749796815E8,6.736208416672158E8,801171.7408017573,4840346.5161998905,0.0,24.03020318506315,2142385.4936847887,3.937222402218561E8,14.952224052718286
1.4495508488803512E8,4826560.667398463,6.290826568221735E8,5.96093635701427E8,6.733774537211856E8,800895.6630076838,4838036.8046103185,0.0,24.01701427003293,2141404.4994511525,3.9360625471350163E8,14.944017563117454
1.449049226319254E8,4824329.280307186,6.288008919506308E8,5.973042484465168E8,6.731863668557323E8,800837.9506308283,4836165.951727921,0.0,24.003839824465167,2140411.7783872737,3.925369250614372E8,14.935820076796489
1.4486124675219297E8,4822338.254385965,6.285631728453947E8,5.972063458410088E8,6.729785872785088E8,800748.3256578947,4834401.400219298,0.0,23.990679824561404,2139582.19627193,3.9237931108936405E8,14.927631578947368
1.4481338584438357E8,4820387.425753425,6.283280152953424E8,5.97115950409863E8,6.728008177435616E8,800551.1682191781,4832136.957808219,0.0,23.977534246575342,2138578.5643835617,3.922178139605479E8,14.91945205479452
1.4475618290580505E8,4818076.124863089,6.280250931861993E8,5.968997456725082E8,6.725204557491785E8,800220.7283680175,4829739.185104053,0.0,23.964403066812704,2137582.797371303,3.920469638915663E8,14.914567360350492
1.4472018433607006E8,4816458.513409962,6.278173033180077E8,5.968474058992884E8,6.723724289293925E8,800119.0815544609,4827779.411056377,0.0,25.18664477285167,2136733.627805145,3.919058100366721E8,14.9064039408867
1.446920316630197E8,4814577.750547046,6.276327823752735E8,5.968440791477025E8,6.722686522822757E8,799913.3227571116,4826167.2910284465,0.0,25.172866520787746,2135991.294310722,3.91776385857221E8,14.898249452954047
1.4465055721377802E8,4812666.411153636,6.27417925302351E8,5.967705278403499E8,6.721533143335155E8,799920.3772553308,4824490.194641881,0.0,25.159103335155823,2135221.162383816,3.916495857654456E8,14.890103881902679
1.4460480318360656E8,4810803.318032787,6.271676604928962E8,5.943741607131147E8,6.719304487846994E8,799803.9027322404,4822361.07431694,0.0,25.145901639344263,2134185.7147540986,3.929599622863388E8,14.881967213114754
1.4456180024795192E8,4808912.806116876,6.269399581922446E8,5.941565743631895E8,6.717127747941016E8,799807.7793555434,4820530.411796832,0.0,25.13216821409066,2133194.9208083013,3.928812678438012E8,14.873839432004369
1.4452430001419213E8,4807134.215065503,6.26719042150655E8,5.939593617134279E8,6.715402048526201E8,799799.403930131,4818605.996724891,0.0,25.11844978165939,2132254.0251091705,3.92799953220524E8,14.865720524017467
1.4449773972831425E8,4805486.695035461,6.264969707943262E8,5.963833933235134E8,6.71364032152755E8,799676.821603928,4816831.134751773,0.0,25.104746317512276,2131418.6961265686,3.910650173807965E8,14.857610474631752
1.4447029175899673E8,4803922.449291167,6.262876416859324E8,5.963323490076336E8,6.711997372737186E8,799539.9160305343,4814991.439476554,0.0,25.091057797164666,2130552.766630316,3.9092820066793895E8,14.849509269356597
1.444398239814714E8,4802348.938419619,6.260848909002725E8,5.934073966517711E8,6.710419291215259E8,799397.4506811989,4813124.75640327,0.0,25.077384196185285,2129644.0566757494,3.9259073165122616E8,14.841416893732971
1.4440234879411766E8,4800685.990196078,6.258851035893246E8,5.932366598001089E8,6.709092804586056E8,799310.7734204793,4811365.70043573,0.0,25.063725490196077,2128734.529411765,3.925027734291939E8,14.836601307189543
1.4436070559172565E8,4798769.606967882,6.256464369755036E8,5.930008624637997E8,6.706973264899292E8,799189.2890582471,4809323.802939575,0.0,25.050081654872073,2127804.117583016,3.9241560918998367E8,14.82852476864453
1.4431096082589772E8,4796764.053318825,6.253649534287269E8,5.959782085984766E8,6.705030885331882E8,799052.0119695321,4807344.39499456,0.0,25.03645266594124,2126858.6855277475,3.9033309572687703E8,14.820457018498368
1.4424873730179444E8,4794479.121261555,6.250967345883633E8,5.925114355562806E8,6.702479152996193E8,798715.7194127243,4805029.648722132,0.0,25.02283849918434,2125775.257205003,3.9216609923654157E8,14.812398042414356
1.4420590297391304E8,4792689.285869565,6.248643060945653E8,5.922905028934783E8,6.700185687815218E8,798441.852173913,4803013.015217391,0.0,25.030978260869563,2124954.7869565217,3.920649817423913E8,14.804347826086957
1.4417475187289515E8,4790939.641499185,6.246356439511136E8,5.956143909190657E8,6.69884257127648E8,798346.443237371,4801614.3237371,0.0,25.01738185768604,2124329.815317762,3.898752518060837E8,14.796306355241716
1.4415003842019543E8,4789629.574375679,6.244587417122693E8,5.919293534440825E8,6.697395662747014E8,798194.5971769815,4799912.416938111,0.0,25.003800217155266,2123617.513572204,3.920135295819761E8,14.788273615635179
1.4410849207379273E8,4787958.707542051,6.242539581985892E8,5.917337049669018E8,6.696105468247423E8,798156.0282148671,4798746.066196419,0.0,24.99023331524688,2122965.26098752,3.896268482908302E8,14.780249593054801
1.4408331669631237E8,4786291.464208243,6.240368588470715E8,5.95417611027115E8,6.693880447559654E8,797897.7646420824,4796924.609544468,0.0,24.976681127982648,2122323.031453362,3.895142423058568E8,14.772234273318873
1.4405543927154472E8,4784819.014634146,6.238220662449864E8,5.953625850861789E8,6.692337727859079E8,797875.6639566396,4795390.5376693765,0.0,24.963143631436314,2121549.9566395665,3.893782083317073E8,14.764227642276422
1.4403038719501626E8,4783525.734561213,6.236291147475623E8,5.911674298093175E8,6.690918713217769E8,797684.3856988082,4793810.887323944,0.0,24.949620801733477,2120697.590465872,3.892439732204767E8,14.75622968580715
1.4400527553979427E8,4781775.651326476,6.234424758700596E8,5.910305625544126E8,6.690582079144559E8,797724.8110449377,4792271.958852192,0.0,24.936112615051435,2119944.91608013,3.918015799794261E8,14.751488900920412
1.439900778365801E8,4779996.546536797,6.232212559978355E8,5.953663135909091E8,6.689396222705628E8,797705.8517316018,4790668.108225108,0.0,24.922619047619047,2119221.6201298703,3.8901264899025977E8,14.743506493506494
1.439744945776095E8,4778643.531638724,6.230370422109249E8,5.953749380205517E8,6.687847814126555E8,797523.6333153056,4788720.97566252,0.0,24.909140075716603,2118331.581395349,3.8887007545105463E8,14.735532720389399
1.439399677718919E8,4777039.06054054,6.228379612843243E8,5.905350253345946E8,6.687053713081081E8,797503.5113513514,4787330.625945946,0.0,24.897297297297296,2117710.450810811,3.9168733449297297E8,14.73081081081081
1.4391008125553754E8,4775410.952998379,6.226215420561858E8,5.952899357277148E8,6.685551302679633E8,797425.7579686656,4785769.096704484,0.0,24.883846569421934,2117138.764991896,3.886331726056186E8,14.722852512155592
1.438832970485961E8,4774053.245140389,6.224357507343413E8,5.952662852840173E8,6.683964886166307E8,797277.3110151188,4783932.188984881,0.0,24.870410367170628,2116329.4654427646,3.884929906862851E8,14.714902807775378
1.4384328660766324E8,4772564.75445224,6.222489443227199E8,5.90004812319482E8,6.682980160593632E8,797184.9368591473,4782420.311926605,0.0,24.856988667026442,2115574.3119266056,3.915389039384782E8,14.706961683756072
1.4382877885005394E8,4771232.393743258,6.220442991089536E8,5.952197345102481E8,6.681622989644012E8,797080.0118662352,4781127.829557713,0.0,24.843581445523192,2114921.0388349514,3.882559185426106E8,14.699029126213592
1.4380471255956873E8,4769652.293261455,6.218569842026954E8,5.896908338226415E8,6.680660228560647E8,797030.8021563343,4779511.3908355795,0.0,24.830188679245282,2114127.2862533694,3.9147233341671157E8,14.6911051212938
1.4378044111206895E8,4768050.270474138,6.216469382392242E8,5.952362390484914E8,6.679772729267242E8,797029.604525862,4778191.794181035,0.0,24.816810344827587,2113439.4719827585,3.8800489954525864E8,14.683189655172415
1.4377111028432956E8,4766629.263327949,6.21443550186322E8,5.952359905686592E8,6.678601402240173E8,796951.8082929456,4776620.2584814215,0.0,24.803446418955303,2112702.4415724287,3.8788968077544427E8,14.675282714054926
1.4374565823466092E8,4765317.720129171,6.212772141410118E8,5.892443593649085E8,6.677929239763186E8,796886.2206673843,4775094.004305705,0.0,24.790096878363833,2111923.155005382,3.91366742540366E8,14.667384284176533
1.4370539957719204E8,4763584.214093599,6.210513146508876E8,5.951960289747176E8,6.676440158418504E8,796802.4981172674,4773840.293706294,0.0,24.776761699838623,2111394.9682625066,3.87645038492738E8,14.659494351802044
1.4368662574301076E8,4762069.839784946,6.208385187741935E8,5.951280000924731E8,6.674464566677419E8,796605.1516129032,4772048.848387097,0.0,24.763978494623657,2110707.804301075,3.875250191983871E8,14.651612903225807
1.4365526364535198E8,4760516.531972058,6.206602557055347E8,5.886895528876948E8,6.673361194583557E8,796534.8457818377,4770387.493820527,0.0,24.750671681891458,2109995.397098334,3.9125915833100486E8,14.646963997850618
1.436170720934479E8,4758760.993555317,6.204425991181525E8,5.950611251997852E8,6.672109942040817E8,796474.1664876477,4768980.515574651,0.0,24.737379162191193,2109475.5950590763,3.87277609047261E8,14.642320085929109
1.435951197895867E8,4757310.809447128,6.202477032045089E8,5.950323715501878E8,6.670504233816425E8,796325.2206119163,4767120.105206656,0.0,24.72410091250671,2108706.688137413,3.871428675442834E8,14.634460547504025
1.4356088903540772E8,4755809.042918455,6.200700978755364E8,5.881939693406652E8,6.669918492972103E8,796318.4538626609,4765565.856223176,0.0,24.710836909871244,2107942.9871244635,3.9110054950429183E8,14.626609442060087
1.435256763549598E8,4754059.19463807,6.198552738369973E8,5.949675521308311E8,6.668410031184987E8,796185.2697050938,4764258.964075067,0.0,24.697587131367293,2107461.3544235923,3.86908394016622E8,14.618766756032171
1.4348901976312968E8,4752435.199356914,6.19650491874598E8,5.94902693812433E8,6.666800002486602E8,795995.9474812433,4762539.5262593785,0.0,24.684351554126472,2106614.2411575564,3.867668035391211E8,14.610932475884244
1.4346775859346545E8,4751232.273165506,6.194838968066417E8,5.876663192174611E8,6.665973212490627E8,795995.6657739689,4760954.455275844,0.0,24.671130155329404,2105837.670058918,3.9096867806106055E8,14.603106588109267
1.434372387280514E8,4749648.838329764,6.192927900856531E8,5.875168198169165E8,6.665447068126339E8,796017.4785867238,4759684.557815846,0.0,24.657922912205567,2105155.583511777,3.9093488261134905E8,14.595289079229122
1.4340251896736223E8,4747722.2011771,6.190581988892456E8,5.873153617105404E8,6.663527471813804E8,795868.8550026752,4757943.510968433,0.0,24.644729802033172,2104373.931514179,3.908740920631354E8,14.587479935794542
1.433847156278075E8,4746116.893048128,6.188535679818182E8,5.948491393358289E8,6.66228070975401E8,795824.9903743316,4756255.464171123,0.0,24.63155080213904,2103636.085561497,3.862604618128342E8,14.579679144385027
1.433635494281133E8,4744574.179583111,6.186791029513628E8,5.870159516087654E8,6.661475882950294E8,795830.4981293426,4754568.547300909,0.0,24.618385889898452,2102869.5403527524,3.907882411459113E8,14.571886691608766
1.4333595355448717E8,4742987.201923077,6.184775329455128E8,5.86864544965812E8,6.660791662948718E8,795867.0972222222,4753177.325854701,0.0,24.605235042735043,2102121.280982906,3.9075303697115386E8,14.564102564102564
1.4331855319701013E8,4741629.810998398,6.182845021890016E8,5.948702727186332E8,6.659127650720769E8,795738.1751201281,4751566.478376935,0.0,24.592098238120663,2101481.3561131875,3.8589539148051256E8,14.556326748531767
1.432883763479189E8,4740124.181430096,6.181079614994664E8,5.865394485437567E8,6.658103113233725E8,795658.2817502668,4749896.195304162,0.0,24.57897545357524,2100743.402347919,3.9065196403201705E8,14.54855923159018
1.432567519904E8,4738554.983466667,6.179112671189333E8,5.863747174053333E8,6.657098568821334E8,795627.4357333333,4748590.737066667,0.0,24.56586666666667,2100122.9834666667,3.856402913008E8,14.5408
1.4323077608315566E8,4737085.84968017,6.177039326343284E8,5.947560252313433E8,6.655237127665246E8,795438.1055437101,4746928.182302772,0.0,24.55277185501066,2099401.988272921,3.855124965021322E8,14.533049040511727
1.4320202237826318E8,4735602.640383591,6.175346593510922E8,5.860281245540756E8,6.654223390037293E8,795324.7320191795,4745334.464571124,0.0,24.539690996270643,2098741.287160362,3.9050753437613213E8,14.525306339904102
1.4317165502662405E8,4733916.57401491,6.173293305676252E8,5.947344277028754E8,6.652982059350373E8,795261.482428115,4744121.970181043,0.0,24.526624068157613,2098221.413205538,3.85270104242279E8,14.517571884984026
1.4315232572857904E8,4732536.799361362,6.17131840333156E8,5.946862938680149E8,6.651429972304417E8,795136.6971793508,4742436.036189462,0.0,24.513571048430016,2097582.801490154,3.8515292984725916E8,14.509845662586482
1.4312858183723405E8,4731339.25,6.16950784693617E8,5.855085313452128E8,6.649715780925531E8,794927.9989361702,4740744.4936170215,0.0,24.500531914893617,2096815.2138297872,3.85021362581383E8,14.50531914893617
1.430947578362573E8,4729700.60712387,6.167543645337586E8,5.853581331839447E8,6.649170032695374E8,794949.4864433812,4739324.898458267,0.0,24.487506645401382,2096086.6613503455,3.903470834853801E8,14.497607655502392
1.4306203665462273E8,4727879.618490967,6.165134071615303E8,5.945343698331562E8,6.647406226939427E8,794828.2082890542,4737825.07120085,0.0,24.47449521785335,2095490.191285866,3.8478868490754515E8,14.48990435706695
1.4304257939883167E8,4726529.933085502,6.163278494848646E8,5.945090336208179E8,6.64596920858205E8,794721.5071694105,4736197.9978757305,0.0,24.461497610196496,2094866.2421667553,3.8467067866702074E8,14.482209240573553
1.4301137625583863E8,4724997.001061571,6.161447989437367E8,5.848245792340764E8,6.6449561514862E8,794648.381104034,4734679.504246284,0.0,24.448513800424628,2094172.5552016986,3.8454229122292995E8,14.47452229299363
1.429741317877984E8,4723281.220159152,6.159290198896551E8,5.944324202461538E8,6.643834336413794E8,794624.2175066313,4733382.750132626,0.0,24.43554376657825,2093618.646153846,3.8443120506949604E8,14.46684350132626
1.4295427808059385E8,4722017.381760339,6.157457383276776E8,5.943919147995758E8,6.641911706139979E8,794421.084835631,4731493.946977731,0.0,24.422587486744433,2092891.0265111346,3.843005365418876E8,14.45917285259809
1.4291914779226285E8,4720490.464228935,6.155386940508744E8,5.943384679872814E8,6.640648142278749E8,794324.364599894,4729960.57445681,0.0,24.409644939056705,2092242.521462639,3.8417808306465286E8,14.451510333863276
1.428856551398305E8,4718902.225635593,6.153441800413135E8,5.942947800434322E8,6.639543485730932E8,794275.719279661,4728471.102754237,0.0,24.396716101694917,2091554.5074152541,3.840544996308263E8,14.447033898305085
1.428610021609317E8,4717306.599258867,6.151376800762308E8,5.94252259481207E8,6.638115721334039E8,794210.3515087347,4727069.036527263,0.0,24.383800952885125,2090994.7877183694,3.83950132862361E8,14.439385918475384
1.4283669807724866E8,4715859.191534392,6.149460060878307E8,5.942083714021164E8,6.636535159047619E8,794081.6550264551,4725535.151322751,0.0,24.37089947089947,2090308.6306878307,3.8382566398624337E8,14.434920634920635
1.427994028313062E8,4714145.033315706,6.147527870460074E8,5.941452925922792E8,6.63485747746166E8,793935.1570597567,4723707.4754098365,0.0,24.358011634056055,2089437.2363828663,3.836743182374405E8,14.427287149656266
1.4276355674630022E8,4712409.686046512,6.14539241385835E8,5.940783143488373E8,6.633667980338266E8,793917.1913319239,4722585.097251586,0.0,24.345137420718817,2088867.9482029597,3.8356598951585627E8,14.419661733615222
1.4274068568198627E8,4710784.862123613,6.143104446053883E8,5.939638101394612E8,6.631503960105653E8,793686.3560486,4720627.081880613,0.0,24.33755942947702,2088094.1077654518,3.8344061153460115E8,14.41204437400951
1.42668729812038E8,4708342.327349525,6.140141779493136E8,5.936779458775079E8,6.62824049813094E8,793270.2344244984,4718180.873284055,0.0,24.3247096092925,2087240.4920802533,3.8325227850527984E8,14.407602956705386
1.4260512591345647E8,4706146.135092348,6.137592008633245E8,5.935184306912929E8,6.626372593266491E8,793885.9662269129,4718400.191029023,0.0,24.323482849604222,2086411.4839050132,3.8310359963957787E8,14.4
1.425674474135021E8,4704815.186708861,6.135786470305908E8,5.934094988945148E8,6.624353990316455E8,793561.9715189873,4716879.567510549,0.0,24.310654008438817,2085811.57278481,3.829939991993671E8,14.39240506329114
1.4252081029204005E8,4703039.882973116,6.133498820137058E8,5.932399426937269E8,6.622124788265682E8,793271.8249868213,4715583.593041644,0.0,24.29783869267264,2085019.7416974169,3.8286129917343175E8,14.38798102266737
1.4248754741201264E8,4701659.881981033,6.13174298052687E8,5.932148359157008E8,6.620469562760801E8,793118.9683877766,4714093.606954689,0.0,24.285036880927294,2084081.2402528978,3.8271377812065333E8,14.380400421496311
1.424349155302791E8,4699763.99473407,6.129456153059505E8,5.931056345034229E8,6.618969605729331E8,793083.4470774091,4712181.015271195,0.0,24.272248551869406,2083131.2859399684,3.825572060189573E8,14.372827804107425
1.4239469904E8,4697807.637894737,6.127070608715789E8,5.929832649926316E8,6.616654878242105E8,792855.8242105263,4710178.58,0.0,24.259473684210526,2082258.5315789473,3.824025199805263E8,14.365263157894736
1.4233494035244608E8,4695619.384534456,6.124274541578116E8,5.927787630036823E8,6.614059398421884E8,792615.5192004208,4708332.376643872,0.0,24.246712256706996,2081480.4587059442,3.822427580978432E8,14.357706470278801
1.4231017125657204E8,4694051.898002103,6.122166573470031E8,5.927345777844374E8,6.612737515667719E8,792672.5341745531,4706908.16298633,0.0,24.233964248159833,2080879.5278654047,3.821374997208202E8,14.350157728706625
1.4229355292590645E8,4692758.1629006835,6.120727973914871E8,5.927829908891225E8,6.611805430499212E8,792778.5244351025,4705477.434576984,0.0,24.22122963741461,2080097.1728849185,3.8200902240987915E8,14.342616920651603
1.4226098190021008E8,4690924.24684874,6.11833373532563E8,5.92658270045168E8,6.609705002542017E8,792679.0682773109,4703805.611344538,0.0,24.208508403361346,2079358.12605042,3.818818786386555E8,14.335084033613445
1.422213635128609E8,4689292.230971129,6.1165488743937E8,5.92657305303937E8,6.608825198656168E8,792836.1942257218,4702326.292913386,0.0,24.195800524934384,2078527.7049868766,3.8174889059370077E8,14.32755905511811
1.421890995435467E8,4687667.333683106,6.114569117303253E8,5.926072933336831E8,6.607789789664218E8,792966.944386149,4701163.532004197,0.0,24.183105981112277,2077964.6033578175,3.8165373442812175E8,14.320041972717734
1.4216243964866284E8,4685937.48505506,6.112315441699004E8,5.92521352916623E8,6.606086097094914E8,792904.3072889355,4699687.5479811225,0.0,24.196119559517566,2077311.385422129,3.815349058620871E8,14.312532773990561
1.4213738252725366E8,4684346.837526205,6.110236166142558E8,5.924438207536688E8,6.604462033825996E8,792926.2893081761,4698130.580712788,0.0,24.209119496855347,2076475.682389937,3.814168851467505E8,14.30503144654088
1.421047307480356E8,4682688.367731797,6.108287289062337E8,5.924150299329492E8,6.603208333284442E8,792889.1838658984,4696506.917757989,0.0,24.196437925615506,2075665.7988475643,3.812845287558931E8,14.297537977998953
1.4207692743769634E8,4681161.137172774,6.106454483643979E8,5.924350745267016E8,6.602688973675393E8,792931.1790575916,4695023.741361257,0.0,24.183769633507854,2074882.6628272252,3.81161770260733E8,14.290052356020942
1.420488746122449E8,4679543.472527472,6.104408180941916E8,5.923947754254317E8,6.601444014212455E8,792944.0146520147,4693604.880167452,0.0,24.171114599686028,2074165.8210361067,3.8105060316483516E8,14.282574568288855
1.4203562393200836E8,4678214.7008368205,6.102545500606694E8,5.923680813776151E8,6.599795722866108E8,792816.9717573222,4691787.012552301,0.0,24.15847280334728,2073304.4571129708,3.809254973080544E8,14.27510460251046
1.419990917208573E8,4676820.264506011,6.100761526063774E8,5.923479118222687E8,6.599300426346053E8,792931.392577104,4690350.909566127,0.0,24.145844223732357,2072560.2059592262,3.8080774835964453E8,14.267642446419236
1.4196702710553813E8,4675259.829676071,6.098976241974921E8,5.792282763286312E8,6.598020039059561E8,792846.9780564263,4688588.75862069,0.0,24.13322884012539,2071810.1138975967,3.8844325973145247E8,14.260188087774294
1.419407577618799E8,4673738.772845953,6.097006912553525E8,5.923003451227154E8,6.597059445013055E8,792829.9853785901,4687296.535770235,0.0,24.120626631853785,2071206.765535248,3.805682392292428E8,14.252741514360313
1.4192724912317327E8,4672600.416492693,6.095311051294364E8,5.922932599895616E8,6.595535350208769E8,792707.2734864301,4685722.174321503,0.0,24.1080375782881,2070578.0636743214,3.8045244426356995E8,14.245302713987474
1.4189817228794992E8,4671217.960354721,6.093673923599374E8,5.7877583766771E8,6.594597099436619E8,792653.8320292123,4684224.563380281,0.0,24.09546165884194,2069934.8617631716,3.88327453181012E8,14.237871674491393
1.418612322940563E8,4669631.3336809175,6.091626336673619E8,5.786072622846715E8,6.593506238873827E8,792602.2836287799,4682826.898852971,0.0,24.082898852971844,2069204.6871741398,3.882747645735141E8,14.230448383733055
1.4183432261594582E8,4668205.097446587,6.089511140667014E8,5.922023533819698E8,6.5923955681605E8,792563.7863470558,4681805.361125587,0.0,24.070349140177175,2068617.9155810317,3.800984328124023E8,14.223032829598749
1.4181296530729166E8,4666777.570833334,6.087504865625E8,5.921731854458333E8,6.591288287979167E8,792484.0947916667,4680384.477083334,0.0,24.0578125,2067918.5875,3.799886803333333E8,14.215625
1.4179319429672045E8,4665275.996876627,6.085793981301405E8,5.922162185923998E8,6.590623293024466E8,792456.4206142634,4678767.648099948,0.0,24.045288912024986,2067130.0374804789,3.798634062243623E8,14.208224882873504
1.4176907942039543E8,4663677.976066598,6.08384192648283E8,5.92206007082206E8,6.589757689271592E8,792474.3173777316,4677392.62226847,0.0,24.03277835587929,2066425.3184183142,3.797515953616025E8,14.200832466181062
1.4174984116796672E8,4662491.763910556,6.082065656526262E8,5.921930574050962E8,6.58843692351534E8,792370.0894435777,4675925.450858034,0.0,24.02028081123245,2065745.4206968278,3.796333570098804E8,14.193447737909516
1.4171517932328483E8,4661061.650727651,6.080346160987526E8,5.922079307370062E8,6.588008602567568E8,792396.1070686071,4674569.170478171,0.0,24.007796257796258,2065067.4137214138,3.7950877353742206E8,14.186070686070686
1.4168489235428572E8,4659422.618181818,6.078215099418182E8,5.921176665277922E8,6.586418141922078E8,792323.3205194805,4673327.728831169,0.0,23.995324675324675,2064554.6472727272,3.794067669142857E8,14.178701298701299
1.4166284819418484E8,4658139.036344756,6.076442008847352E8,5.92080730502596E8,6.584809112139149E8,792177.1661474559,4671760.211838006,0.0,23.982866043613708,2063816.403946002,3.792810348359294E8,14.171339563862928
1.416406287929424E8,4656879.802802283,6.074702385282823E8,5.920851150077841E8,6.583849458515828E8,792115.9906590555,4670339.344058122,0.0,23.970420342501296,2063141.8764919564,3.7915845420134926E8,14.163985469641931
1.4161049602178425E8,4655321.967842324,6.072766541410788E8,5.920833744740664E8,6.583224650103735E8,792098.5954356847,4669001.852697096,0.0,23.95798755186722,2062451.5767634856,3.790395863563278E8,14.156639004149378
1.4158454303680664E8,4653772.4613789525,6.070788935292898E8,5.920669880124416E8,6.582113278227061E8,792030.298600311,4667531.493001555,0.0,23.94556765163297,2061736.9466044584,3.7891754878486264E8,14.149300155520995
1.4155669228601035E8,4652246.651813472,6.068964815253886E8,5.920806204352331E8,6.581579847357513E8,791998.9658031088,4666003.12642487,0.0,23.933160621761658,2061011.2010362695,3.787961954533679E8,14.141968911917099
1.4152795299741066E8,4650599.83221129,6.066791240911444E8,5.920406905706887E8,6.580774605882962E8,792020.2775763853,4664862.596582082,0.0,23.920766442257897,2060376.401864319,3.786906746012429E8,14.134645261522527
1.415084339730849E8,4649178.933747412,6.064741371231884E8,5.919570813530021E8,6.578880031055901E8,791848.7701863354,4663179.126293995,0.0,23.908385093167702,2059745.870600414,3.785767424782609E8,14.127329192546584
1.4148175411588204E8,4647931.1215726845,6.063214987170202E8,5.919784078272116E8,6.577880694516296E8,791750.0269011898,4661612.454216245,0.0,23.896016554578374,2059071.9544749095,3.784458901743404E8,14.120020693222969
1.414386590206825E8,4646089.330920372,6.061086061778697E8,5.919315226039296E8,6.577184863743536E8,791797.9762150983,4660351.149948293,0.0,23.88366080661841,2058420.860392968,3.783264993190279E8,14.11271975180972
1.4141166441963825E8,4644590.949870801,6.058898633912145E8,5.91830049139018E8,6.575422332806201E8,791663.3757105944,4658911.548320414,0.0,23.871317829457364,2057899.995865633,3.7822699251369506E8,14.105426356589147
1.4138472685743803E8,4643357.407024793,6.057302208078512E8,5.918579859018595E8,6.574452401714876E8,791567.680785124,4657333.69731405,0.0,23.858987603305785,2057172.4628099173,3.7809385762448347E8,14.098140495867769
1.4135053342488384E8,4641845.052142489,6.05537475389778E8,5.91819819326794E8,6.573287263489933E8,791469.7842023748,4655758.45431079,0.0,23.846670108415076,2056473.1295818277,3.779683680521425E8,14.090862157976252
1.4131819399174407E8,4640352.044375645,6.053413976635706E8,5.917809518906089E8,6.571916654912281E8,791403.1578947369,4654287.6563467495,0.0,23.8343653250774,2055840.0794633643,3.7784891287977296E8,14.08359133126935
1.4128195688292935E8,4638738.724084579,6.051260661547189E8,5.916541129468799E8,6.569998033749355E8,791231.963898917,4652763.098504384,0.0,23.82207323362558,2055143.1542031975,3.7772870391851467E8,14.076328004125838
1.4125892382474226E8,4637166.264948454,6.048859257154639E8,5.915077554804124E8,6.567720129134021E8,791134.6402061855,4651206.455670103,0.0,23.80979381443299,2054381.5134020618,3.7761352366649485E8,14.069072164948453
1.4122404735291088E8,4635758.010303967,6.046843662102009E8,5.914640075363215E8,6.566472919536321E8,790982.8768675941,4649726.717156105,0.0,23.797527047913448,2053607.476558475,3.774778108382277E8,14.061823802163833
1.411879197868177E8,4634463.731204944,6.045201018259526E8,5.914844235530381E8,6.565866476570545E8,790958.0401647786,4648292.032955715,0.0,23.785272914521112,2052804.0267765191,3.7734005602111226E8,14.054582904222451
1.4116271854966545E8,4632798.093669583,6.043065032568194E8,5.914441346289244E8,6.564526473587236E8,790832.0844055584,4646603.233144621,0.0,23.773031394750387,2052015.0715388574,3.772034933386516E8,14.047349459598559
1.4113098705761316E8,4631106.472222222,6.040940106851852E8,5.913586031358025E8,6.562955963641975E8,790759.4598765433,4645052.262345679,0.0,23.760802469135804,2051331.3405349795,3.770872311131687E8,14.040123456790123
1.411140919526992E8,4629765.399485861,6.03917113777892E8,5.91367289562982E8,6.561828101059126E8,790704.2652956299,4643414.490488431,0.0,23.74858611825193,2050560.9881748073,3.7696239781491005E8,14.032904884318766
1.4108440278520042E8,4628178.344295992,6.037231175662898E8,5.913397312929085E8,6.560623508992805E8,790611.5765673176,4641781.289825283,0.0,23.736382322713258,2049811.6330935252,3.76832110799075E8,14.025693730729701
1.4105027692141756E8,4626705.994863893,6.035186413631227E8,5.912704973251156E8,6.559347779034412E8,790538.3852080123,4640465.403184386,0.0,23.724191063174114,2049103.7154596816,3.767140376666667E8,14.01848998459168
1.4101530493634498E8,4624908.864476386,6.032883449445585E8,5.911529324558522E8,6.557653119774127E8,790439.0811088296,4639112.82238193,0.0,23.712012320328544,2048568.6950718686,3.766039294173511E8,14.01129363449692
1.4098459738635197E8,4623309.623396614,6.030754705561826E8,5.910657255782453E8,6.556007549071319E8,790308.4104669061,4637525.704463827,0.0,23.69984607491021,2047898.8948178552,3.7648081631246793E8,14.004104669061057
1.4094264419384617E8,4621595.404102564,6.028632617548718E8,5.909353857938461E8,6.55409646414359E8,790080.2594871795,4635869.65025641,0.0,23.68769230769231,2047187.277948718,3.7634699586615384E8,13.996923076923077
1.4091294013121477E8,4619999.358277806,6.026449221312147E8,5.908397293029215E8,6.552193286981035E8,789824.6560738083,4634053.587903639,0.0,23.67555099948744,2046402.3126601742,3.762101312567914E8,13.98974884674526
1.4087316072336066E8,4618178.216188525,6.024230549456967E8,5.907433301454918E8,6.550501349221312E8,789571.112704918,4632340.992827869,0.0,23.66342213114754,2045681.1567622952,3.7607317219979507E8,13.982581967213115
1.408353918986175E8,4616372.736303124,6.022050157890425E8,5.906540084598054E8,6.549055844208909E8,789309.4408602151,4630637.487967229,0.0,23.65130568356375,2044994.5960061443,3.759411477946749E8,13.97542242703533
1.4079456957420677E8,4614543.562947799,6.019838939119754E8,5.905312569774821E8,6.546904080859774E8,788993.1678607983,4628831.271238485,0.0,23.639201637666325,2044223.5250767656,3.7580475602047086E8,13.968270214943706
1.4075743618414322E8,4612693.597953964,6.017335272030691E8,5.903940353217391E8,6.544949850608696E8,788658.8675191816,4627245.229667519,0.0,23.627109974424553,2043566.0818414323,3.7567538012429667E8,13.961125319693094
1.407118085807771E8,4610865.807770961,6.014957405449898E8,5.9022783849591E8,6.542693749754602E8,788292.3374233128,4625350.932515337,0.0,23.615030674846626,2042833.553169734,3.755345196768916E8,13.95398773006135
1.4067019566479304E8,4609027.686254472,6.012630956739908E8,5.901426648359734E8,6.541249790495657E8,788128.3955033214,4623769.666836996,0.0,23.60296371997956,2042045.9764946348,3.753956794731732E8,13.946857434849258
1.4065022496322778E8,4607660.120531154,6.01105243308478E8,5.901853425393258E8,6.540412898794688E8,788013.9693564862,4622090.381001022,0.0,23.59090909090909,2041276.7180796731,3.752703546935649E8,13.939734422880491
1.406176311638591E8,4606055.349668198,6.009006761837672E8,5.901296145359877E8,6.539406525686575E8,788023.7468095968,4620841.060745278,0.0,23.57886676875957,2040660.0296069423,3.751664461837672E8,13.93261868300153
1.4060170965816328E8,4604800.025510204,6.007353672020408E8,5.901232695102041E8,6.538104661632653E8,787924.5295918367,4619275.71122449,0.0,23.566836734693876,2040065.301020408,3.750523025760204E8,13.925510204081633
1.405685869699133E8,4603307.59408465,6.005738900989292E8,5.901440372718002E8,6.537472410260072E8,787867.2626211117,4617757.235084141,0.0,23.55481896991331,2039319.0413054563,3.749206601121877E8,13.918408975012749
1.4054404669011214E8,4601934.913353721,6.003874452212029E8,5.901081866523955E8,6.536188515881753E8,787803.6839959226,4616265.633027523,0.0,23.54281345565749,2038701.230377166,3.748075704332314E8,13.91131498470948
1.405303579979623E8,4600623.625063678,6.001986158543047E8,5.900455092328069E8,6.534416628853796E8,787670.5063678044,4614846.994396332,0.0,23.53082017320428,2038152.4136525725,3.7470848403565973E8,13.904228222109017
1.4050370568228105E8,4599233.019348268,6.000482429063137E8,5.900803057790225E8,6.533529524501019E8,787595.8940936864,4613214.941955194,0.0,23.518839103869652,2037401.2983706722,3.7457318279480654E8,13.89714867617108
1.404764009058524E8,4597809.759796438,5.998638166493639E8,5.900640457974554E8,6.53271093529771E8,787589.51043257,4611955.486005089,0.0,23.506870229007635,2036870.6198473282,3.7447164559694654E8,13.890076335877863
1.404657500661241E8,4596502.335707019,5.996865568341811E8,5.900312306744659E8,6.531192529633774E8,787486.8179043743,4610501.09155646,0.0,23.494913530010173,2036340.1902339775,3.7437123197914547E8,13.883011190233978
1.404336497935943E8,4594959.793594306,5.995127870137265E8,5.90039952018302E8,6.530839905083884E8,787484.6558210473,4609070.548042704,0.0,23.482968988307068,2035674.857142857,3.742561870874428E8,13.875953228266395
1.4040776953150406E8,4593532.548780488,5.993157634319105E8,5.89992899343496E8,6.529439401361789E8,787398.5741869919,4607580.632113821,0.0,23.471036585365855,2035098.337398374,3.741455293094512E8,13.86890243902439
1.4039178912544438E8,4592344.021330625,5.99167495198578E8,5.900165707943119E8,6.528246698283392E8,787288.3890299645,4605996.760792281,0.0,23.459116302691722,2034358.9537836465,3.740185951716607E8,13.861858811579483
1.40323357693401E8,4590083.182741117,5.988986796781726E8,5.897852776751269E8,6.525651801035533E8,786982.130964467,4603859.594923858,0.0,23.447208121827412,2033582.654822335,3.7384422364314723E8,13.85482233502538
1.402604377564688E8,4588727.65702689,5.98644543603247E8,5.895879349863014E8,6.523458453972603E8,786703.5788939624,4602589.125317098,0.0,24.10755961440893,2032772.65550482,3.7370801708980215E8,13.84779299847793
1.4022918622718054E8,4587358.503042596,5.984761029929006E8,5.894987676064909E8,6.521732457647059E8,786443.6176470588,4600932.321501014,0.0,24.095334685598377,2032131.0334685599,3.736007646911765E8,13.84077079107505
1.4020557548403448E8,4586039.696908262,5.983126191363406E8,5.894974805352255E8,6.520843068849468E8,786292.9792194627,4599667.875316776,0.0,24.083122149011658,2031459.5691839838,3.734874099427268E8,13.833755701976685
1.4016964241945288E8,4584262.860182371,5.981103157568389E8,5.894045718237082E8,6.519315435552179E8,786212.4903748734,4598254.502532928,0.0,24.070921985815602,2030777.9888551165,3.733646067077001E8,13.826747720364741
1.401379013843038E8,4582956.1164556965,5.979247119392405E8,5.893665260921519E8,6.518658620881013E8,786509.8481012658,4597062.207594937,0.0,24.05873417721519,2030075.5918987342,3.7326084565164554E8,13.819746835443038
1.401084646174089E8,4581433.95242915,5.977348293785425E8,5.89329902638664E8,6.517173663987855E8,786471.3542510121,4595605.253036438,0.0,24.046558704453442,2029290.0475708502,3.73132898555668E8,13.812753036437247
1.400743309671219E8,4579998.416793121,5.975478345553869E8,5.892932137804755E8,6.516096877410218E8,786577.344461305,4594354.426909459,0.0,24.03439554881133,2028721.2524026302,3.730170645665149E8,13.80576631259484
1.4004498334580386E8,4578286.822042467,5.973355881809909E8,5.8918083979272E8,6.51431278404449E8,786649.7178968656,4592897.843276036,0.0,24.022244691607685,2027995.251769464,3.729109371243681E8,13.798786653185035
1.400125764790298E8,4576717.97877716,5.971383614916625E8,5.891025387690753E8,6.51303469492673E8,786567.5553309752,4591413.443153108,0.0,24.01010611419909,2027298.083880748,3.7279828427892876E8,13.791814047498736
1.3996490173434344E8,4574948.167676767,5.969324106626263E8,5.89029987210101E8,6.511726851353536E8,786412.6858585859,4589852.832323233,0.0,23.9979797979798,2026474.490909091,3.72658415119697E8,13.784848484848485
1.3992689650883391E8,4573201.554770318,5.967064684967189E8,5.889043125088339E8,6.509552233932357E8,786200.0343260979,4588046.617869763,0.0,23.985865724381625,2025685.5729429582,3.7251734314134276E8,13.7778899545684
1.398793120938446E8,4571221.609485368,5.964586299556004E8,5.887370438284562E8,6.50725924629667E8,785935.809283552,4586321.933400606,0.0,23.973763874873864,2024951.7003027245,3.723685106836529E8,13.770938446014128
1.398335256510338E8,4569548.553706505,5.962430189319214E8,5.886158472839133E8,6.505593738860313E8,786015.8053454362,4584715.128593041,0.0,23.961674230963187,2024015.0287443267,3.722337115839637E8,13.763993948562783
1.3979979929032257E8,4568115.228830645,5.960545071139113E8,5.885461619606855E8,6.50430023267137E8,785948.2610887097,4583078.555443549,0.0,23.949596774193548,2023297.6945564516,3.721148314047379E8,13.757056451612904
1.397861957350126E8,4566716.550125944,5.958870508735516E8,5.885535429309824E8,6.503156665017632E8,785910.1974811084,4581594.570277078,0.0,23.937531486146096,2022586.765743073,3.720053533370277E8,13.750125944584383
1.3976261557804632E8,4565305.558912387,5.957301057703928E8,5.88600536042296E8,6.502647148237664E8,785916.1027190333,4580057.014098691,0.0,23.925478348439075,2021803.61530715,3.7188177612990934E8,13.743202416918429
1.397367722627076E8,4563752.251635632,5.95536737562154E8,5.885568473719175E8,6.501674528012079E8,785974.8283844993,4578809.162556618,0.0,23.91343734272773,2021165.4192249624,3.7178656118319076E8,13.736285858077503
1.3973344004527164E8,4562322.923541248,5.953680488853118E8,5.88545073724346E8,6.500203744808853E8,785893.3883299798,4577248.486921529,0.0,23.901408450704224,2020463.9426559357,3.71678041917505E8,13.729376257545272
1.3970972037506285E8,4561183.617898442,5.952241767440925E8,5.885336571794872E8,6.499020563609854E8,785945.4499748617,4575649.7355455,0.0,23.889391654097537,2019697.320261438,3.715637031930618E8,13.722473604826545
1.396769719959799E8,4559634.92160804,5.950380737306533E8,5.884819359517587E8,6.497725072763819E8,785904.2532663316,4574115.219095478,0.0,23.877386934673368,2019016.848241206,3.7144098527738696E8,13.715577889447236
1.396515902772476E8,4558120.600703164,5.948582353550979E8,5.884722947654445E8,6.496871192275238E8,785881.9075841286,4572718.4429934705,0.0,23.865394274234053,2018378.8638874937,3.713279152611753E8,13.708689100954293
1.3963501233333334E8,4556827.7289156625,5.946743172981927E8,5.884259630502008E8,6.495440217700803E8,785795.8795180722,4571385.62751004,0.0,23.853413654618475,2017835.0100401607,3.7123126130672693E8,13.701807228915662
1.3961157833718014E8,4555520.788760662,5.945302222518816E8,5.884352010677371E8,6.494377040642248E8,785709.9578524837,4569805.879578525,0.0,23.841445057701957,2017207.7380832916,3.7111108416859007E8,13.69493226292022
1.395884328996991E8,4554356.121364092,5.94362153447342E8,5.884493025616851E8,6.493508570160482E8,785621.7512537612,4568392.099297893,0.0,23.82948846539619,2016481.4353059179,3.7098722811935806E8,13.688064192577734
1.395561035869674E8,4552917.869674185,5.941665803097744E8,5.883859168010025E8,6.492417884601504E8,785617.2210526316,4567262.953383459,0.0,23.817543859649124,2015782.1203007519,3.70881291E8,13.681203007518796
1.3954348843987975E8,4551530.471943888,5.939848109078156E8,5.883723185841683E8,6.491395715270541E8,785578.8957915831,4565991.618236473,0.0,23.805611222444888,2015196.3026052103,3.707876181773547E8,13.67434869739479
1.395370358157236E8,4550301.375062594,5.938459799549325E8,5.884477444717076E8,6.490744828142214E8,785541.3580370556,4564444.815222834,0.0,23.793690535803705,2014462.2483725587,3.706767754581873E8,13.667501251877816
1.395016894114114E8,4548588.258258258,5.93643251065065E8,5.88413999935936E8,6.489957004854854E8,785553.4204204205,4563063.1681681685,0.0,23.78178178178178,2013736.5715715715,3.705559757852853E8,13.66066066066066
1.3947848258229116E8,4547218.271135568,5.934592231195598E8,5.883730956108054E8,6.488743323751876E8,785480.1730865432,4561905.370685343,0.0,23.769884942471236,2013201.4347173588,3.704593430730365E8,13.656828414207103
1.39463993242E8,4546157.268,5.93321478072E8,5.88396411701E8,6.48770100067E8,785384.942,4560515.631,0.0,23.758,2012590.709,3.7034666328E8,13.65
1.3943329112443778E8,4544664.179910045,5.931479901799101E8,5.883894631714143E8,6.487161406536732E8,785409.0584707647,4559274.84057971,0.0,23.746126936531734,2012057.7161419292,3.7024156935932034E8,13.643178410794603
1.3940518991508493E8,4543416.423576424,5.929670236663337E8,5.88336583981019E8,6.485739175904096E8,785319.5664335664,4558080.186813187,0.0,23.734265734265733,2011419.4785214786,3.7013778116683316E8,13.636363636363637
1.3939568811083376E8,4542317.820269596,5.927929135756365E8,5.883200349495757E8,6.484501267338991E8,785217.6095856215,4556903.045431852,0.0,23.722416375436843,2010796.3974038942,3.700385210758862E8,13.62955566650025
1.393719818043912E8,4540925.50998004,5.926320467135729E8,5.883687445518962E8,6.484259904111776E8,785176.5179640718,4555504.396207585,0.0,23.710578842315368,2010100.7335329342,3.699250835264471E8,13.622754491017965
1.393530015511222E8,4539557.70074813,5.924536227381546E8,5.883657929346633E8,6.483545546683291E8,785169.1261845387,4554382.260349127,0.0,23.698753117206984,2009520.106733167,3.698298763436409E8,13.615960099750623
1.3934680786340976E8,4538367.245264207,5.922892555752742E8,5.883893993708873E8,6.482572297956132E8,785102.110667996,4552997.117647059,0.0,23.686939182452644,2008869.2701894317,3.697293515508475E8,13.609172482552342
1.3932061172795218E8,4537114.117588441,5.92136234406577E8,5.884230943976084E8,6.482151200049826E8,785134.2421524663,4551706.0388639765,0.0,23.6751370204285,2008260.0438465371,3.696140625979073E8,13.60239162929746
1.392907449073705E8,4535702.28685259,5.919397963296813E8,5.883588185527889E8,6.480736687450199E8,785061.4621513945,4550389.5159362545,0.0,23.663346613545816,2007716.4601593625,3.695069226494024E8,13.595617529880478
1.3928260066898954E8,4534412.369337979,5.917726676824291E8,5.883436711000497E8,6.47938859110005E8,785000.4459930314,4549012.926829268,0.0,23.65156794425087,2007122.8730711797,3.694078981956197E8,13.588850174216027
1.3925432145273632E8,4533118.366169155,5.916194564636816E8,5.883678645870646E8,6.478847487691542E8,784998.2985074627,4547635.726368159,0.0,23.639800995024874,2006536.0676616915,3.692919065676617E8,13.582089552238806
1.392221488831427E8,4531754.837394332,5.914376877255096E8,5.882724426872203E8,6.477422428980607E8,784932.6862257583,4546304.190949776,0.0,23.62804574838389,2005991.99801094,3.691878727344605E8,13.575335653903531
1.3920737426540756E8,4530533.180914513,5.912839816003976E8,5.882828233389663E8,6.476343748797216E8,784870.6302186878,4544847.749502982,0.0,23.616302186878727,2005380.416500994,3.690765004199801E8,13.56858846918489
1.3917718613313463E8,4529092.072528564,5.911186906517636E8,5.882752596651764E8,6.47576347917536E8,784845.7724788872,4543545.530054645,0.0,23.604570293094884,2004815.8509687034,3.6896370548931944E8,13.561847988077496
1.3913848699304867E8,4527629.35551142,5.909331050695134E8,5.882089496484607E8,6.474505531290963E8,784765.6504468719,4542134.656405164,0.0,23.592850049652434,2004084.0397219465,3.6883988158093345E8,13.55511420059583
1.391136268833747E8,4526386.294789081,5.907427344019852E8,5.881561231841191E8,6.47316962676923E8,784725.4431761786,4541016.595533499,0.0,23.581141439205954,2003423.8372208436,3.6873561149975187E8,13.548387096774194
1.390994951954365E8,4525145.145833333,5.905677872619047E8,5.881392761626984E8,6.472075319910715E8,784647.9920634921,4539798.692460317,0.0,23.569444444444443,2002854.4186507936,3.6863980126289684E8,13.541666666666666
1.39078501986118E8,4523839.913733267,5.904215963629153E8,5.881744954695091E8,6.471410001279128E8,784679.2920178483,4538497.331680714,0.0,23.557759048091224,2002200.8904313336,3.685277896033713E8,13.53495290034705
1.3904918773538157E8,4522272.672943508,5.902255995500495E8,5.881496273310208E8,6.470914848414272E8,784784.6660059465,4537360.529236868,0.0,23.546085232903867,2001624.8374628345,3.684306895644202E8,13.528245787908821
1.3904766646359584E8,4521015.02426944,5.900542351788014E8,5.881454595522536E8,6.469567965616642E8,784731.8286280336,4535939.514611194,0.0,23.534422981674098,2001002.3823675087,3.683343838053492E8,13.521545319465082
1.390266975168317E8,4519725.182178218,5.899049839485148E8,5.881984828940594E8,6.46923240159406E8,784778.1564356436,4534487.735643565,0.0,23.522772277227723,2000289.798019802,3.68216565709901E8,13.514851485148515
1.390047325868382E8,4518386.683819891,5.897223356279069E8,5.881485256655121E8,6.467952958792677E8,784760.1286491835,4533343.402276101,0.0,23.51113310242454,1999808.3245917861,3.6812299140821373E8,13.508164275111332
1.3898683852522254E8,4517157.363006924,5.89558633512364E8,5.881310878545994E8,6.466840490870426E8,784698.2077151336,4531999.7181008905,0.0,23.49950544015826,1999191.2848664687,3.680179567181009E8,13.501483679525222
1.3895106174097875E8,4515652.508156204,5.893884936875926E8,5.881325704399407E8,6.466435407098368E8,784746.8136431043,4530776.84824518,0.0,23.4878892733564,1998561.6173999012,3.679017560894711E8,13.494809688581315
1.3892639618774703E8,4514419.599802371,5.892127534832016E8,5.881039443913044E8,6.465272766007905E8,784688.8972332015,4529604.175889328,0.0,23.476284584980238,1998052.5148221343,3.678027366501976E8,13.488142292490119
1.389139740237037E8,4513281.958518518,5.890690944335803E8,5.881262366765432E8,6.464293145955555E8,784614.421728395,4528164.465185185,0.0,23.46469135802469,1997527.6158024692,3.6769917297234565E8,13.481481481481481
1.3889277448272458E8,4511794.557749259,5.889011680167818E8,5.881291160029615E8,6.463577621391906E8,784612.9703849951,4526921.807502468,0.0,23.453109575518262,1996970.8943731491,3.675940120977295E8,13.47482724580454
1.3886555580858412E8,4510336.874198322,5.887099151100148E8,5.880510260917612E8,6.462133982476566E8,784550.6176615688,4525758.292057227,0.0,23.44153922052294,1996504.3926985692,3.6749966985495806E8,13.468179575727676
1.3885754807988167E8,4509394.241617357,5.885676137771204E8,5.880894298530571E8,6.461176413500986E8,784495.2228796844,4524486.310650888,0.0,23.429980276134124,1995863.8540433925,3.673931728407298E8,13.461538461538462
1.388316531838344E8,4507995.761458847,5.884043755741745E8,5.88112174730409E8,6.460840245066535E8,784574.9038935436,4523269.834401183,0.0,23.418432725480532,1995212.0266140956,3.672845052439625E8,13.454903893543618
1.3880495048472905E8,4506607.191133005,5.882136752492611E8,5.88036215658128E8,6.459420260344827E8,784507.9142857143,4521967.796059113,0.0,23.406896551724138,1994720.260098522,3.6718954795320195E8,13.448275862068966
1.387891988616445E8,4505312.2373215165,5.880409712456918E8,5.880037573855244E8,6.458053114869522E8,784432.2097488921,4520538.920728705,0.0,23.395371738060067,1994113.7725258493,3.670813877316593E8,13.44165435745938
1.3875638702559054E8,4503968.330708661,5.878921656033465E8,5.880101915374016E8,6.457267780708661E8,784342.9173228346,4518929.73523622,0.0,23.383858267716537,1993390.6181102362,3.669519256653543E8,13.437992125984252
1.3872988694933596E8,4502595.284800787,5.877130304997541E8,5.879755995691097E8,6.456276175533694E8,784342.8352188884,4517756.638465323,0.0,23.372356123954745,1992911.1578947369,3.6685231737284803E8,13.431382193802262
1.387116847699115E8,4501270.265486726,5.875321760127827E8,5.879249421189774E8,6.455075975939037E8,784268.825958702,4516504.83972468,0.0,23.36086529006883,1992397.2251720747,3.6675873799016714E8,13.424778761061948
1.3869145627813268E8,4500201.112530713,5.873908433886977E8,5.879351912727273E8,6.453923365415233E8,784171.9567567568,4514983.858476658,0.0,23.34938574938575,1991770.2466830467,3.666397857660934E8,13.418181818181818
1.3866500206090373E8,4498731.043222004,5.872113574400786E8,5.879150628840865E8,6.453272839695481E8,784205.0392927309,4513820.173870334,0.0,23.337917485265226,1991247.7711198428,3.665416615034381E8,13.411591355599214
1.3864563097398135E8,4497238.349533628,5.87013123814433E8,5.878327228610702E8,6.451775191546391E8,784105.2106038291,4512513.92832597,0.0,23.326460481099655,1990688.8708885617,3.6644784216740304E8,13.407952871870398
1.386174579784102E8,4495944.068694799,5.868549458979392E8,5.878362949754661E8,6.450807390500491E8,784036.4887144259,4511202.468105987,0.0,23.315014720314032,1990055.5417075565,3.6633072090235525E8,13.401373895976448
1.385923362177538E8,4494570.383521334,5.866934115007356E8,5.8783687424718E8,6.450164770554193E8,784023.4722903384,4509806.347229034,0.0,23.303580186365867,1989454.0814124572,3.6622144649828345E8,13.397743992153016
1.3854426989313725E8,4492733.739215686,5.86454108882353E8,5.876265979911765E8,6.447325941009804E8,783678.8901960785,4507810.809803922,0.0,23.2921568627451,1988793.4333333333,3.66078259452451E8,13.391176470588235
1.3848533452719256E8,4490761.992160706,5.862305641391475E8,5.874624270083293E8,6.445388644821166E8,783833.7266046056,4507578.898579128,0.0,23.28172464478197,1987948.3096521313,3.6593079679813814E8,13.384615384615385
1.3844603422233105E8,4489175.978452497,5.860218058413321E8,5.872960152213516E8,6.443081851283056E8,783551.722820764,4505858.986287953,0.0,23.270323212536727,1987302.8697355534,3.658117307590597E8,13.378060724779628
1.3841497348996574E8,4488179.093489965,5.858900638521782E8,5.872696325070974E8,6.442307908418992E8,783348.9114047969,4505271.203132648,0.0,23.258932941752324,1986680.8732256487,3.657176785795399E8,13.37151248164464
1.3837948918982387E8,4486893.274951076,5.857141001379647E8,5.871996463581213E8,6.441013882906066E8,783304.2084148728,4503550.588062623,0.0,23.247553816046967,1985894.035225049,3.65586320396771E8,13.364970645792564
1.3835091742200488E8,4485411.244987775,5.855335330161369E8,5.871481404733497E8,6.439910026493888E8,783434.1819070905,4502375.665525672,0.0,23.236185819070904,1985267.1579462104,3.654863137564792E8,13.35843520782396
1.3832344577908114E8,4484094.1485826,5.853584013626589E8,5.870902866520039E8,6.438601692199414E8,783442.0899315738,4501023.318670576,0.0,23.224828934506355,1984691.8944281526,3.653842883597263E8,13.351906158357771
1.3828595100928187E8,4482619.968734734,5.851645538622375E8,5.870123767747924E8,6.437187114723986E8,783616.3312164142,4499512.6487542745,0.0,23.213483146067414,1983913.070835369,3.652592180425012E8,13.345383488031265
1.382578207548828E8,4481406.1015625,5.849900156748047E8,5.869508314580078E8,6.435913792705078E8,783558.6875,4497871.2421875,0.0,23.2021484375,1983264.25,3.651444926381836E8,13.3388671875
1.382328733704246E8,4479962.889214251,5.848119524167887E8,5.868923639521718E8,6.434568217930698E8,783509.6700829673,4496590.364080039,0.0,23.190824792581747,1982583.8272327965,3.650313519067838E8,13.332357247437775
1.3819526256487805E8,4478259.413658537,5.845988465404878E8,5.867589617785366E8,6.432632447980487E8,783387.3756097561,4495041.1024390245,0.0,23.17951219512195,1981825.1531707316,3.649012336926829E8,13.325853658536586
1.381625061179912E8,4476551.618722575,5.843779486796684E8,5.866029122574354E8,6.430212856118966E8,783144.5558264261,4493243.163334958,0.0,23.168210628961482,1981099.7552413456,3.6476716240126765E8,13.319356411506583
1.3811294394834307E8,4474687.735867446,5.841456275633528E8,5.864370233196881E8,6.428022202962962E8,782851.1744639376,4491442.156920078,0.0,23.15692007797271,1980263.0185185184,3.646178159795322E8,13.312865497076023
1.380735619337555E8,4473200.543594739,5.839591675849975E8,5.86356661148563E8,6.426430155431076E8,782743.3034583536,4489732.339990258,0.0,23.145640526059424,1979518.9215781782,3.644828184057477E8,13.306380905991233
1.3804371021032134E8,4471741.538461538,5.8378295093963E8,5.863336322736125E8,6.425558662531645E8,782818.0632911392,4488687.633885102,0.0,23.134371957156766,1979020.4868549171,3.6438495240214217E8,13.299902629016554
1.380326145430657E8,4470329.587347932,5.836092673810219E8,5.862762624204379E8,6.424256621927007E8,782852.6287104622,4487335.762530413,0.0,23.123114355231145,1978371.1737226278,3.642971735343066E8,13.293430656934307
1.3802068452626458E8,4469163.531128405,5.834585419066148E8,5.862816829494164E8,6.422892617840466E8,782742.2178988326,4485786.206225681,0.0,23.111867704280154,1977646.6994163424,3.6418611584289885E8,13.286964980544747
1.3798606556538647E8,4467635.418570734,5.83291565805542E8,5.862995343305786E8,6.42268601620807E8,782857.2143898882,4484536.129314535,0.0,23.100631988332523,1976959.8366553234,3.640730243334954E8,13.280505590666019
1.379754846627794E8,4466248.11856171,5.831087908464528E8,5.862465236724975E8,6.421248572536443E8,782861.8678328474,4483272.659863946,0.0,23.089407191448007,1976331.6890184644,3.6399159488046646E8,13.274052478134111
1.379556541136474E8,4465143.896066052,5.829803084380767E8,5.863037234230208E8,6.420596420903351E8,782764.7372510928,4481703.758135017,0.0,23.078193297717338,1975669.159786304,3.6387401496163183E8,13.267605633802816
1.3792788583009708E8,4463602.957281553,5.827874840728155E8,5.862375819854369E8,6.419460534805825E8,782813.613592233,4480592.684466019,0.0,23.066990291262137,1975133.2378640776,3.6377835219805825E8,13.26116504854369
1.3792050984473556E8,4462501.384764677,5.826372348316351E8,5.862470888423096E8,6.418424132489083E8,782746.4075691412,4479269.526443474,0.0,23.055798156234836,1974577.7331392528,3.63684744212033E8,13.254730713245998
1.3789436176042676E8,4461253.753637246,5.824939242318138E8,5.862786602822503E8,6.418188211755577E8,782800.8661493695,4478119.620756547,0.0,23.044616876818623,1974052.555771096,3.635843493986421E8,13.248302618816682
1.3787157287251577E8,4459883.720794959,5.823081553174988E8,5.862204876422685E8,6.416890843422201E8,782765.3097430926,4476913.340765875,0.0,23.03344643722734,1973598.4653417354,3.634918522142511E8,13.24188075618032
1.3785594308139536E8,4458999.082364341,5.821783471908915E8,5.862550891385659E8,6.415962437102714E8,782713.8856589147,4475600.39244186,0.0,23.022286821705425,1972961.6870155039,3.633841957243217E8,13.23546511627907
1.378348696978208E8,4457911.771428571,5.820248524029056E8,5.862871601559322E8,6.41561608335109E8,782700.9811138015,4474592.769975787,0.0,23.011138014527845,1972299.2629539953,3.632805687031477E8,13.22905569007264
1.378162345304937E8,4456516.598257503,5.818379087066796E8,5.86241293090029E8,6.414362480871248E8,782665.5053242982,4473466.634075508,0.0,23.0,1971748.2429816069,3.631910684303001E8,13.222652468538238
1.3780619775133044E8,4455221.167876149,5.816760345892597E8,5.862469375742623E8,6.413361406956942E8,782588.9288824383,4471945.882922109,0.0,22.988872762457667,1971054.999516207,3.6308352961538464E8,13.216255442670537
1.3779390708317214E8,4454033.077369439,5.815355759410058E8,5.862895589564797E8,6.412653356644101E8,782544.6102514507,4470510.4458413925,0.0,22.977756286266924,1970379.6199226305,3.6297775937234044E8,13.209864603481625
1.377626106215563E8,4452580.552924118,5.813525637583374E8,5.862400079255679E8,6.411730084291929E8,782518.0270662155,4469398.004833253,0.0,22.96665055582407,1969826.7172547125,3.628730757665539E8,13.203479942000966
1.3774974745507246E8,4451415.706280193,5.811769768927536E8,5.861765393758454E8,6.410106075314009E8,782368.8048309179,4468076.594202898,0.0,22.955555555555556,1969334.0579710144,3.627809184115942E8,13.197101449275362
1.3772976968517625E8,4450267.36262675,5.810402739468856E8,5.862147183032352E8,6.409418661593434E8,782349.4311926606,4466701.82037663,0.0,22.944471269917916,1968732.8363109608,3.62669477204732E8,13.190729116368903
1.3770306898069498E8,4448988.010617761,5.80870025554054E8,5.861567055337838E8,6.408236824140927E8,782309.3233590734,4465518.578185328,0.0,22.933397683397683,1968151.2567567567,3.625641739049228E8,13.184362934362934
1.376829219421129E8,4447747.8572117705,5.806976997829233E8,5.861298459315002E8,6.407298258813314E8,782222.1292812349,4464475.717317897,0.0,22.922334780511335,1967618.5373854318,3.6247149481427884E8,13.178002894356005
1.3767673651108968E8,4446751.280617164,5.805585983490839E8,5.861660872430087E8,6.406374597280617E8,782123.0405014465,4463121.951783992,0.0,22.911282545805207,1966964.056894889,3.6236798230135006E8,13.171648987463838
1.3765243193156627E8,4445374.054939759,5.803901857098795E8,5.86188591173012E8,6.406235682072289E8,782172.5387951807,4461994.095421687,0.0,22.90024096385542,1966347.241445783,3.622633173836145E8,13.168192771084337
1.376418224238921E8,4444044.929672447,5.802113232919075E8,5.86160166261079E8,6.405341781753372E8,782165.5009633912,4460915.8747591525,0.0,22.88921001926782,1965830.640655106,3.62180833394027E8,13.16184971098266
1.376313528011555E8,4443090.900337025,5.80072332290804E8,5.861953183928744E8,6.404530245353876E8,782096.9513721714,4459604.264805007,0.0,22.8781896966779,1965221.020702937,3.6207935589455944E8,13.155512758786712
1.3759875314436957E8,4441818.05678537,5.799219805495669E8,5.86212258570741E8,6.404175282107795E8,782120.9403272377,4458382.741097209,0.0,22.867179980750723,1964656.075072185,3.619656362093359E8,13.149181905678537
1.3758173283790284E8,4440552.829244829,5.797477856507937E8,5.86161245018759E8,6.402755435949976E8,782013.9644059644,4457120.858104859,0.0,22.856180856180856,1964093.3612313613,3.618712072616643E8,13.142857142857142
1.375638675346154E8,4439457.975,5.796202659759616E8,5.861994310798076E8,6.401978497153846E8,781973.6846153847,4455807.884615385,0.0,22.845192307692308,1963549.098076923,3.617646594067308E8,13.136538461538462
1.3753939796636233E8,4438153.01874099,5.79453171849111E8,5.861486350716002E8,6.400855761335896E8,781940.6669870254,4454725.234022105,0.0,22.83421432003844,1963082.722729457,3.6167225426573765E8,13.13022585295531
1.3752901078001922E8,4437010.461095101,5.792841003256484E8,5.860936589538904E8,6.399433651008645E8,781838.1421709894,4453384.827089338,0.0,22.82324687800192,1962562.2881844381,3.615816573847262E8,13.12391930835735
1.3750772513490158E8,4435732.343734997,5.7913250118771E8,5.860779481958714E8,6.39835592487758E8,781774.1565050408,4452106.698991839,0.0,22.812289966394623,1962018.710513682,3.614775005218435E8,13.117618819011042
1.3747616868330133E8,4434428.812859884,5.789627418147793E8,5.859992258925143E8,6.396852907207294E8,781685.0278310941,4450750.5921305185,0.0,22.801343570057583,1961393.5547024952,3.6137440586516315E8,13.111324376199617
1.3745389869640288E8,4433335.230695443,5.788116104191847E8,5.860211825966427E8,6.396536631779376E8,781747.7035971223,4449809.839808154,0.0,22.790407673860912,1960831.5462829736,3.612809721352518E8,13.105035971223021
1.3743585671716204E8,4432111.258868648,5.786340264985619E8,5.859709952847555E8,6.395224193298179E8,781666.2291466922,4448647.112176415,0.0,22.779482262703738,1960170.581016299,3.6118669964860976E8,13.098753595397891
1.374198492103498E8,4430910.126497365,5.784792424829899E8,5.859729160124581E8,6.39422548220412E8,781593.5093435553,4447200.951605175,0.0,22.768567321514134,1959520.226161955,3.61079528559655E8,13.092477240057498
1.3740030471360153E8,4429579.245210728,5.7833636973659E8,5.860314668534483E8,6.393914268266283E8,781631.5488505748,4445836.415708812,0.0,22.757662835249043,1958886.6618773947,3.6097271106130266E8,13.086206896551724
1.3737800295835328E8,4428223.773097176,5.781676815892771E8,5.86017429039732E8,6.393289662450933E8,781688.4643370033,4444750.480612733,0.0,22.746768788894208,1958349.328865486,3.6088410492149353E8,13.079942556247008
1.373732681894737E8,4427072.050717703,5.780098539636364E8,5.860126213511962E8,6.392086308401914E8,781640.5875598086,4443369.558851674,0.0,22.735885167464115,1957770.4813397129,3.607895312569378E8,13.073684210526316
1.3734505097943568E8,4425765.678622669,5.778652111716882E8,5.860346074299378E8,6.391657945461502E8,781654.9899569583,4442133.647058823,0.0,22.725011956001914,1957203.9952175992,3.606800635939742E8,13.067431850789097
1.3732449163479924E8,4424509.354684512,5.776961089531549E8,5.859876184541109E8,6.390500967390057E8,781623.8374760994,4440881.588910134,0.0,22.71414913957935,1956729.2342256214,3.6058874493451244E8,13.061185468451242
1.3731299121356905E8,4423325.175346393,5.775357603440038E8,5.859663478901099E8,6.389395956330626E8,781570.6172957477,4439595.314859054,0.0,22.703296703296704,1956239.9522216914,3.6050050536024845E8,13.054945054945055
1.372896712817574E8,4422238.921680993,5.773750497411653E8,5.85930599669532E8,6.38822193139446E8,781430.5052531041,4438358.276026743,0.0,22.69245463228271,1955605.6838586438,3.603877718681948E8,13.048710601719197
1.3726030303961813E8,4420837.152267303,5.772088512019093E8,5.859070223942721E8,6.387623112582339E8,781451.153221957,4437208.56229117,0.0,22.68162291169451,1955095.56849642,3.602906710357995E8,13.042482100238663
1.3725162040744275E8,4419705.625,5.77049721644084E8,5.858758564332061E8,6.38639697038168E8,781371.0133587787,4435937.923664122,0.0,22.670801526717558,1954558.5763358779,3.602044307700382E8,13.036259541984732
1.372269480524559E8,4418438.785884597,5.768866730615164E8,5.858344222260371E8,6.385144622651407E8,781230.4759179781,4434505.336194564,0.0,22.65999046256557,1953984.712446352,3.600954233257034E8,13.030042918454935
1.3720525874833176E8,4417269.467111534,5.767268954623451E8,5.858344940581506E8,6.384322988979981E8,781139.3336510963,4433301.000953289,0.0,22.649189704480456,1953330.558627264,3.5998631035986656E8,13.023832221163012
1.3718240452120057E8,4415867.341591234,5.765559577036684E8,5.857996428861363E8,6.383408657503573E8,781178.1314911863,4432256.8461171985,0.0,22.638399237732255,1952792.535493092,3.598966424854693E8,13.020485945688423
1.3717270703333333E8,4414830.136190476,5.764065309428571E8,5.857699425723809E8,6.381953195361905E8,781046.1485714286,4430775.401904762,0.0,22.62761904761905,1952235.4647619047,3.5979725077380955E8,13.014285714285714
1.3715272464445502E8,4413678.742503569,5.762712100418848E8,5.857969607101381E8,6.38131704526416E8,781001.0033317468,4429471.6144693,0.0,22.61684911946692,1951661.9238457878,3.596920368476916E8,13.008091385054735
1.3712640784205517E8,4412313.665080875,5.76089668036156E8,5.857309433539486E8,6.379881800333016E8,780903.1760228354,4428172.73358706,0.0,22.606089438629876,1951137.0675547097,3.595924720537583E8,13.001902949571836
1.3711580954826438E8,4411216.066571564,5.759356706552544E8,5.857109148407037E8,6.37873342210176E8,780829.6167379933,4426914.513552069,0.0,22.595339990489776,1950658.5278174037,3.59503515040894E8,12.995720399429386
1.3709432871958175E8,4410036.210076045,5.75801749190114E8,5.857396057110267E8,6.378070777851712E8,780814.5712927757,4425639.236692015,0.0,22.584600760456272,1950069.9401140683,3.593973420831749E8,12.989543726235741
1.370692519705463E8,4408614.225178148,5.756275324380047E8,5.856813179771972E8,6.377005724228028E8,780787.8641330167,4424600.363895487,0.0,22.573871733966747,1949615.4688836106,3.593121460840855E8,12.983372921615201
1.370527378062678E8,4407406.846153846,5.754702498670465E8,5.856583449468186E8,6.376028901120608E8,780727.0275403609,4423286.256410256,0.0,22.56315289648623,1949101.3399810067,3.592236245322887E8,12.977207977207977
1.370252214779307E8,4406315.238728049,5.753392935832938E8,5.856368369947793E8,6.374989280408163E8,780661.9212149977,4422040.209776934,0.0,22.552444233507355,1948528.45562411,3.591171436791647E8,12.971048884670147
1.3699491867741936E8,4404905.135673624,5.751874400113852E8,5.85638964073055E8,6.374475637001897E8,780621.65085389,4420583.199240986,0.0,22.541745730550286,1947903.8700189753,3.5900459246537E8,12.964895635673624
1.3696445072830725E8,4403471.414888573,5.749923866495969E8,5.855387405794215E8,6.37310395299194E8,780553.6899004268,4419375.96491228,0.0,22.531057373162636,1947382.9634898056,3.5891178791654813E8,12.958748221906117
1.369368407099526E8,4401959.066350711,5.747937652976303E8,5.854151415914692E8,6.371192528331753E8,780334.9687203792,4417680.968720379,0.0,22.52037914691943,1946765.1601895734,3.5879581676255924E8,12.95260663507109
1.3687566483562294E8,4399930.538133586,5.745682038417811E8,5.852088219232591E8,6.368816241440076E8,780539.04973946,4416649.044054951,0.0,22.529606821411654,1946058.2595926102,3.5863849028659403E8,12.946470866887731
1.3684263738636363E8,4398491.379734849,5.744008451742424E8,5.851085753882576E8,6.366869264100379E8,780672.2585227273,4415889.892992424,0.0,23.038352272727273,1945308.746212121,3.58516392484375E8,12.940340909090908
1.368036900927591E8,4397228.34548036,5.742397101230478E8,5.849971872787505E8,6.365406477974443E8,780443.9536204449,4414780.014197823,0.0,23.9460482725982,1944765.3819214387,3.5841909130336016E8,12.93421675343114
1.36790251166509E8,4396037.51371807,5.740712983547777E8,5.849534492431409E8,6.364111260075686E8,780348.8826868496,4413732.40397351,0.0,23.93472090823084,1944273.6149479658,3.5833664672989595E8,12.92809839167455
1.3677089683687943E8,4394845.353191489,5.739446886591016E8,5.849608338241135E8,6.362876282874705E8,780321.7446808511,4412337.746572104,0.0,23.92340425531915,1943671.8241134752,3.5822817979858154E8,12.921985815602836
1.3673526459829867E8,4393425.557655955,5.737473748714556E8,5.848314091625708E8,6.36132956489603E8,780427.7013232515,4410974.484877126,0.0,23.91209829867675,1942929.1758034027,3.581230681441399E8,12.915879017013232
1.3669738241568258E8,4392006.592347662,5.735704763353802E8,5.847791475578649E8,6.360330198356165E8,780528.9740198394,4409630.372224847,0.0,23.90080302314596,1942285.280113368,3.5800411410817194E8,12.909777987718469
1.3665857158640227E8,4390583.77809254,5.733805747110481E8,5.846822805184135E8,6.358699561746931E8,780449.0094428706,4407958.755429651,0.0,23.889518413597735,1941474.2483474975,3.5787096650141644E8,12.903682719546742
1.3662270433883908E8,4389157.2043416705,5.731810714214252E8,5.84525599148655E8,6.356739139282681E8,780318.4983482775,4406369.22982539,0.0,23.878244454931572,1940735.422369042,3.577593475842379E8,12.897593204341671
1.365762219707547E8,4387410.317924528,5.729623188283019E8,5.843782549660378E8,6.355182647820755E8,780217.8632075472,4404727.298113207,0.0,23.866981132075473,1940020.6679245282,3.576311336915094E8,12.891509433962264
1.3654901218104666E8,4385914.38661009,5.728021006053748E8,5.843404880829797E8,6.354252294464875E8,780253.7105139085,4403883.992456389,0.0,23.855728429985856,1939500.9759547384,3.5753768239321077E8,12.885431400282885
1.365302862789821E8,4384968.579641847,5.72657140739868E8,5.843109740782281E8,6.352994954109331E8,780284.3119698397,4402510.638077285,0.0,23.844486333647502,1938792.164938737,3.574384095263902E8,12.879359095193214
1.364935654536034E8,4383574.926990109,5.724729185934998E8,5.842074546688648E8,6.351698820772492E8,780302.2666038624,4401031.243523316,0.0,23.833254828073482,1938066.837494112,3.5732477348751765E8,12.87329251059821
1.3646536826553673E8,4382437.169491526,5.723447351647835E8,5.842206392580037E8,6.351251987015066E8,780340.3210922787,4399528.434086629,0.0,23.822033898305083,1937427.3097928436,3.572142499717514E8,12.86723163841808
1.364432207877647E8,4381008.220235294,5.72183171024E8,5.842051075915294E8,6.350397914908235E8,780330.9901176471,4398324.064941176,0.0,23.810823529411763,1936900.4564705882,3.5712036717458826E8,12.861176470588235
1.3641468902163687E8,4379530.889934149,5.720009950555032E8,5.841411800686736E8,6.349259036792098E8,780298.4158043273,4397061.988711195,0.0,23.79962370649106,1936286.024459078,3.570256599844779E8,12.855126999059266
1.3640988108603668E8,4378463.486600846,5.718626955279737E8,5.841573117301364E8,6.348106972609309E8,780216.5613540198,4395541.938881054,0.0,23.788434414668547,1935601.6906440996,3.569203601438646E8,12.849083215796897
1.363852091400376E8,4377166.185150376,5.717224675065789E8,5.84205125693609E8,6.347986877904135E8,780310.9313909775,4394338.79887218,0.0,23.777255639097746,1934950.9896616542,3.568243447222744E8,12.843045112781954
1.363620093668389E8,4375905.682480037,5.7155572015876E8,5.841487149027712E8,6.346917026500704E8,780284.456552372,4392921.37811179,0.0,23.766087364960075,1934302.961953969,3.5672461661343354E8,12.837012682010334
1.3632381140093896E8,4374343.422535211,5.713703121295775E8,5.840787759370892E8,6.345976019915493E8,780307.4169014085,4391806.776525822,0.0,23.75492957746479,1933782.3399061032,3.566223157830986E8,12.830985915492958
1.3629870106616613E8,4372989.28671985,5.712015857428437E8,5.840329140215861E8,6.344833536687001E8,780255.9953073674,4390559.151572032,0.0,23.743782261848896,1933267.2566870013,3.5652742666729236E8,12.824964805255748
1.3628034355159473E8,4371673.938086304,5.710376053874296E8,5.839701273442776E8,6.343301246763602E8,780106.0572232646,4389194.650093809,0.0,23.73264540337711,1932703.1510318948,3.564255331937148E8,12.818949343339588
1.3626755486169714E8,4370613.671823722,5.709001276840131E8,5.839679669235818E8,6.342152502766057E8,780001.5199249883,4387822.035630567,0.0,23.72151898734177,1932106.8720112517,3.5632188969667137E8,12.812939521800281
1.3624214259793815E8,4369316.073102156,5.707508629878163E8,5.839381228547329E8,6.341091197891284E8,779943.053420806,4386521.850984068,0.0,23.710402999062794,1931519.197750703,3.562128705159325E8,12.806935332708528
1.3621927970960188E8,4368288.549882904,5.705955766051522E8,5.839432065648712E8,6.340571656880562E8,779946.5461358314,4385483.464168618,0.0,23.69929742388759,1930951.2196721311,3.5611390106838405E8,12.800936768149883
1.362002996460674E8,4367025.484082397,5.70420312838015E8,5.8387886360206E8,6.339212065973783E8,779868.2883895132,4384383.125468165,0.0,23.68820224719101,1930448.191011236,3.560257821264045E8,12.794943820224718
1.3619690943752924E8,4365966.072999532,5.70279101973795E8,5.839014372222742E8,6.338253035573233E8,779810.6326626111,4383068.8834815165,0.0,23.677117454375292,1929834.887225082,3.5593183170659804E8,12.7889564810482
1.3617783305799812E8,4364650.446211413,5.701415838999064E8,5.839578719869037E8,6.338312069045837E8,779865.7193638915,4381788.115060804,0.0,23.66604303086997,1929199.9794200186,3.558337737951356E8,12.782974742750234
1.3616410831229547E8,4363334.194483403,5.699713245021038E8,5.839240535072464E8,6.337278151958859E8,779823.178120617,4380640.708742403,0.0,23.65497896213184,1928686.2487143525,3.557543531603553E8,12.776998597475457
1.3615177894299066E8,4362392.753271028,5.698464433130841E8,5.839539474102803E8,6.336414289943925E8,779766.0831775701,4379303.421495327,0.0,23.64392523364486,1928109.1261682243,3.5565350324859816E8,12.771028037383177
1.3612456923120037E8,4361216.901447922,5.697002028799627E8,5.839557118729565E8,6.335848045333956E8,779752.6959364783,4378166.580102756,0.0,23.63288183092013,1927553.0378327884,3.5555481221205044E8,12.765063054647362
1.3610127112044817E8,4359843.850606909,5.695395852184874E8,5.839041801419234E8,6.334828658244631E8,779747.0933706816,4377225.355742297,0.0,23.6218487394958,1927147.2399626516,3.554737976563959E8,12.759103641456583
1.3609677324871674E8,4359179.806812879,5.694019147008866E8,5.839221297573495E8,6.333855925487634E8,779656.2557162856,4376153.149790014,0.0,23.610825944937005,1926538.283714419,3.553815677979468E8,12.753149790014
1.360800553022388E8,4358179.253731343,5.692674209477612E8,5.839525291268656E8,6.333123682583956E8,779547.6725746269,4374974.775186568,0.0,23.59981343283582,1925937.780783582,3.5527974529057837E8,12.747201492537313
1.3606152752727273E8,4356954.761771562,5.69117171779021E8,5.839846138508159E8,6.332817969221445E8,779588.1016317016,4373905.37062937,0.0,23.58881118881119,1925354.7673659674,3.551819641655012E8,12.741258741258742
1.3605369126281455E8,4355848.665424045,5.689564203215284E8,5.839684050335507E8,6.331890767418453E8,779508.4091332712,4372731.226467847,0.0,23.577819198508855,1924818.0820130475,3.550988950195713E8,12.735321528424977
1.3603569282533768E8,4354614.197484863,5.688028973740102E8,5.839695912845831E8,6.330998593721472E8,779431.8826269213,4371434.2375407545,0.0,23.566837447601305,1924219.4913833255,3.549932224778761E8,12.729389846297158
1.360119276973929E8,4353548.79236499,5.686751107756052E8,5.840131914878957E8,6.330777249283054E8,779434.2383612663,4370272.332402235,0.0,23.55586592178771,1923687.3175046556,3.548916931387337E8,12.723463687150838
1.3598759747417402E8,4352273.572824569,5.685065159562588E8,5.839547735774779E8,6.329702553420196E8,779413.4881340158,4369331.941368078,0.0,23.544904606793857,1923243.9422987436,3.5480938428804094E8,12.717543043275942
1.359754641655814E8,4351199.0306976745,5.683548303134884E8,5.839364066632558E8,6.328638834223256E8,779324.216744186,4368037.0,0.0,23.53395348837209,1922696.5637209301,3.547152217116279E8,12.711627906976744
1.3595649681078568E8,4350174.938168294,5.682312363709903E8,5.83975635944212E8,6.328081127587168E8,779302.5523012553,4366783.376104138,0.0,23.523012552301257,1922146.5615992562,3.5461165738214785E8,12.705718270571827
1.3592870807992566E8,4348808.81133829,5.680602961328996E8,5.839277664098513E8,6.327300638689591E8,779343.0027881041,4365898.68401487,0.0,23.512081784386616,1921760.7425650558,3.545345799790892E8,12.699814126394052
1.3591734128843474E8,4347747.941477009,5.679122985508592E8,5.839044739786345E8,6.326152601189039E8,779258.8546214584,4364553.596841617,0.0,23.501161170459824,1921226.674407803,3.544442806614027E8,12.693915466790525
1.3588714022376972E8,4346357.428969359,5.677315448876508E8,5.837983255775301E8,6.324573221290622E8,779098.6963788301,4363127.235840297,0.0,23.49025069637883,1920655.8458681523,3.543434933950789E8,12.688022284122562
1.3586691248167053E8,4345032.558700696,5.675686498542924E8,5.837765082431555E8,6.323595309642692E8,779030.2849187935,4361881.828306264,0.0,23.479350348027843,1920043.331786543,3.54246836062181E8,12.682134570765662
1.3585087352597404E8,4343915.059369202,5.674413653153989E8,5.838395300009277E8,6.323405284183674E8,779013.7875695733,4360594.421150278,0.0,23.468460111317253,1919441.3265306123,3.5414281442439705E8,12.676252319109462
1.358292850941122E8,4342462.732498841,5.672803622318034E8,5.838286149476124E8,6.3226620108484E8,779026.7426981919,4359485.411219286,0.0,23.457579972183588,1918899.6597125637,3.5405359999119145E8,12.67037552155772
1.3582859081649676E8,4341356.331788694,5.671458807849861E8,5.838614630083411E8,6.321880348137164E8,779016.9119555143,4358122.729379055,0.0,23.446709916589434,1918330.266913809,3.5396429226506025E8,12.664504170528266
1.3580449613432145E8,4340019.223714682,5.670092099666512E8,5.839118772783697E8,6.321912278610468E8,779124.0259379342,4356946.566002779,0.0,23.43584993052339,1917760.602130616,3.5386688855442333E8,12.658638258452987
1.3579231984166667E8,4338715.283333333,5.668600088157407E8,5.839119556444445E8,6.321127727740741E8,779148.0222222222,4355767.214814815,0.0,23.425,1917298.4888888889,3.537895556976852E8,12.652777777777779
1.3577726321055067E8,4337707.105969459,5.667184915770477E8,5.839104949643683E8,6.320208619907451E8,779102.6311892642,4354541.5603887085,0.0,23.414160111059694,1916741.257751041,3.5370024018186027E8,12.646922720962518
1.357585207132285E8,4336698.195189639,5.665959144828862E8,5.839421674690102E8,6.319630467567067E8,779071.323774283,4353355.152636448,0.0,23.403330249768732,1916225.3857539315,3.5360223756753004E8,12.641073080481036
1.357354542727693E8,4335421.857605178,5.664323421423948E8,5.83910540345816E8,6.318857352778548E8,779081.5718908922,4352378.220064725,0.0,23.39251040221914,1915772.071197411,3.535154187956542E8,12.635228848821082
1.3572172810443622E8,4334478.57948244,5.662727275720887E8,5.838615437809612E8,6.317521673428836E8,778990.7624768947,4351179.3327171905,0.0,23.38170055452865,1915278.329944547,3.5342904294500923E8,12.629390018484289
1.3570393420138568E8,4333459.726558891,5.661583301598152E8,5.839083096471132E8,6.31698167130716E8,778963.809699769,4349963.478060046,0.0,23.370900692840646,1914732.899769053,3.533294134734411E8,12.623556581986143
1.356730298836565E8,4332101.155124654,5.659911362363805E8,5.838516991514312E8,6.31584544245614E8,778930.8024007387,4348932.429362881,0.0,23.3601108033241,1914241.5687903971,3.532350544713758E8,12.617728531855956
1.3565040208583295E8,4330840.7069681585,5.658351743137978E8,5.8379567922012E8,6.314576626866636E8,778794.537148131,4347723.616059068,0.0,23.34933087217351,1913703.9760036918,3.5313600422611904E8,12.611905860636826
1.3564852636346865E8,4330073.894833948,5.657028986282288E8,5.838208244935424E8,6.31368700152214E8,778762.045202952,4346634.148523985,0.0,23.338560885608857,1913131.3819188192,3.5305184435009223E8,12.60608856088561
1.356266543153527E8,4328916.38911941,5.655681711461504E8,5.838579801124942E8,6.31334477218995E8,778734.0258183494,4345402.999538958,0.0,23.327800829875518,1912482.9239280776,3.529497854573536E8,12.60027662517289
1.355935840516129E8,4327495.7437788015,5.65397722327189E8,5.837905090663594E8,6.312383401437788E8,778740.7410138249,4344447.670046083,0.0,23.31705069124424,1912097.9695852534,3.528646383230415E8,12.59447004608295
1.3557959537816674E8,4326448.693689544,5.652605199391985E8,5.837827760046061E8,6.311373984643022E8,778671.1469368954,4343130.562874251,0.0,23.306310456011055,1911538.9037309994,3.5276617384385073E8,12.588668816213726
1.3556284374493554E8,4325256.337016575,5.651370182108656E8,5.838304732302026E8,6.311084912099447E8,778676.0791896869,4341900.615101289,0.0,23.295580110497237,1910962.2541436465,3.5266744565699816E8,12.582872928176796
1.3553229075011504E8,4323892.384721583,5.649618245706396E8,5.837465215959502E8,6.30979117978831E8,778589.0980211688,4340732.258628624,0.0,23.28485964104924,1910493.8177634606,3.5257284698205245E8,12.577082374597332
1.355163992125115E8,4322867.256669734,5.648237014452622E8,5.837492381011959E8,6.308936115768169E8,778535.200551978,4339451.102115915,0.0,23.27414903403864,1909983.548298068,3.52480833125575E8,12.571297148114075
1.3548571147494254E8,4321528.937011494,5.646743361305747E8,5.837378819209195E8,6.308515729875863E8,778576.4340229885,4338326.327356322,0.0,23.263448275862068,1909457.0731034484,3.5238108172045976E8,12.565517241379311
1.354700151976103E8,4320300.665441177,5.645184418014706E8,5.83703857555147E8,6.307479286369486E8,778544.8198529412,4337227.869485294,0.0,23.252757352941178,1909026.721507353,3.523003561755515E8,12.559742647058824
1.354582094506201E8,4319219.885163069,5.643858982802022E8,5.83724789031695E8,6.30670183945797E8,778495.4441892513,4335969.785025264,0.0,23.242076251722555,1908526.9885163067,3.522088181336702E8,12.553973357831879
1.3543370185307622E8,4317952.768595042,5.642410859311295E8,5.837281343461891E8,6.306158389054178E8,778508.3654729109,4334957.655647383,0.0,23.231404958677686,1908026.4591368227,3.521153333374656E8,12.550964187327823
1.354096926681964E8,4316585.203304268,5.640607372960074E8,5.836522133171179E8,6.305062956906838E8,778495.6631482331,4333910.477283157,0.0,23.22074346030289,1907596.479118862,3.520374316314823E8,12.545204222120239
1.353681106321101E8,4315000.059633028,5.638580791440367E8,5.834695325752294E8,6.302500128082569E8,778139.6449541284,4331953.424770642,0.0,23.210091743119268,1906924.7110091744,3.518964025642202E8,12.539449541284403
